PIId,0
046201DF-773B-4DBE-99E4-089E1DF6C554,100
E15DB891-4338-45D6-AEA4-0005758A9A6A,92
4D2CD7CB-8731-4355-A0A6-CE0E8021A703,76
2A2990B1-E1E1-4888-8848-7C256C3A3B43,68
0BF12FB6-EEAD-4536-BC76-BA5D67259245,67
0DB70FB4-2194-443B-BA03-B294F19228AC,61
218D3F38-3BED-44CA-9889-B933CAB39802,55
2B3C7059-1F9C-43CC-B754-4E0F6F1DB19F,48
CA12E9D6-DD0C-4152-A344-C3E6A1054185,45
CCA35CBF-B6BC-4E98-84A5-404BF8304B1B,42
6DB33BF0-3EA1-420D-9875-85B72E852F6A,41
A10997AA-D8CE-49AD-B2D8-1EF46772A2C0,38
670538DA-5B47-4CD2-940F-203E8484DB9B,38
77EAFF72-9A8B-4F11-9BE4-832B5A83E14D,37
7300F58C-5309-42D5-A146-F806C5FA7814,34
BC9CB8DB-5EDD-421B-A3AE-859AC8270DF8,33
40505E6E-D270-4E83-8C39-30B5C1D2C372,29
360B9CD8-1313-42BE-9A59-4281C517C279,29
907C1310-E1DA-40E6-B8C6-91868EA704A6,26
BC1C7F29-F618-4B65-A1DE-2E12967FB298,26
3453D3B2-3261-4CF6-A35C-BF9A6C517DF5,25
32EADEB5-487B-4058-9ABB-C16C18E9114F,24
2071445C-0ECA-4A46-B7E2-3BF489F3DB52,23
F5E50EC5-49B5-4282-A954-5C7BFC66B0AC,22
70871309-2550-4E87-B354-6EF0CF7849FE,22
B891574A-CF0B-4FD1-91C6-DAA92123005E,21
8381020E-421A-4A48-BBFE-D507ECD83324,21
21C6DDE0-BAD0-4BE9-BC4D-6C9C3E5BC98C,21
5AE2FAD2-208D-4909-9F09-F2D642F32A75,20
E8B59A50-5BD9-4D80-8E0E-15D5D6060055,20
2A915F85-5B36-43DB-B608-B5600C68BE24,20
810CCEAA-C0F3-4C33-8E24-0D4143538CF4,19
F51FAC2E-5696-4D0D-835A-1BCFEA68154A,19
A901E55A-AEDC-4CFE-A020-D17C51705D56,19
649CD2DC-CB5D-4B4F-BAA0-CDE99742B6A7,19
89CAB7D7-1503-47D9-A486-B88CAC020B5E,19
2E6EDFEF-507F-4350-B2D1-281D8B669378,19
0F3A9813-BE34-40F2-A094-B86EE0A7600C,18
8FF5D247-4FBE-4AE3-AA8D-AA075EA128D2,18
ACB7E917-F4DA-4FAE-8C10-69237D957F4E,18
DC169932-DEA2-4658-A6C7-73FD7A834F99,18
8918ADD6-1FE1-4989-8EF2-10CD2AA77FA2,17
61D31B1D-EE78-4D11-9F18-8B85791C4CEB,17
A838D078-9338-43A0-808B-9D18851BBF3F,16
DB9B029E-6575-4ABC-A08F-ED21A698645B,16
6FBEE153-9C7F-4E86-96F3-EB30F111328D,16
1CF52775-F763-4027-8AEF-9640ED59CDA3,16
D0659DE6-707A-4DE4-9407-5D5C2532F091,16
6D1B1118-CA7E-4E05-9D25-5F973190635B,15
055FEA5A-8C75-4694-A69E-32A3A9C5142E,15
FA97471B-9393-4B50-9CD0-09927805C20B,15
B423BA87-75BA-4E39-8B79-5AB634E58241,15
C8DB7FEF-A19A-4B3A-BCFA-CCD37A2B2445,15
BA5F34AD-04FE-4BEA-964B-F3FAB6CEB17E,15
8C7D51B6-8E00-4A85-977D-16E47E7569BE,14
4D420AA9-E2D7-4F95-9D6E-7A6C8B75531F,14
77B5A46C-7B57-46DD-91A6-EEBC4DB00D0D,14
F46ADFDD-DAA2-4094-ADC5-1D3676E95F0E,14
DDB07FE7-2ED9-4228-8034-04699A414E04,14
E15DBCFC-A8DD-425E-826D-2FE64A8692FD,14
6A74839D-9DA5-4FF0-9E91-4CFD8D2F9412,13
903E0770-8979-4A5E-BA89-016677C3631E,13
280C2479-93E2-4F68-B0A4-764BE9C64508,13
2DCAEB76-A93B-4E6D-BBDC-9DC27156ADFD,13
2319EF68-5CA1-4756-BE14-7F801E05F40F,13
D11D73BD-AD47-4A9A-979A-DAB6CBAED9CE,13
F143A6D8-5885-4395-AEC7-AB9CC05438CB,13
B84FE8B6-8348-468E-9986-A2C0D89CBB2B,13
C56655B0-B9C4-40FE-8B31-AA869E78C9FF,12
AB306F06-3681-46EC-94F6-328FD3B3F634,12
AF6F1E66-72CA-45CC-85EA-60FCD5F61D57,12
B4571463-D26C-40F3-AC6E-98A41FF2654F,12
C12F3CBB-2B86-49CC-96A8-7E7FE620C2D6,12
DB183A3A-AC4E-4AC9-9CA8-E0EB9715A00F,12
F35632B0-D4C0-4FAD-8179-A899790F1895,12
0CF2FCF1-E537-4CB3-81B6-7A969F3BEF45,12
6C6A2D35-7C06-4691-87C6-A3A0F6870B44,12
2C0D0488-61D7-4ED6-8D15-63A34BC4FEC2,12
3EBC7227-162C-4CFC-A152-D2A1A4BF9D91,12
E31A811E-4DC9-442C-8BCB-7E05986CFD98,12
42590CA6-FD32-47F1-809E-C950A1BB11FB,12
0DFAB0AF-EC13-40EE-BD32-2227F94D603C,12
1B7C77ED-CD3D-4EA3-B4B4-DD6A4A75E489,11
BA33BA0D-6617-4637-BFF4-C700149134EF,11
6D1573D0-440E-4846-AD29-1ECE3658425C,11
325143CD-A5C8-4890-8BE2-8C7E9A36C9D2,11
7CB25714-DB11-4851-8D27-1B5BC9115886,11
214269D5-5193-44AA-9A88-5062DF098E11,11
813F6E5A-7C55-44B1-BC26-C77FF12DBD2C,11
B543AAEC-7EF8-4528-981A-3BB0650938B8,11
50833A36-8684-4847-A653-E69A571BC805,11
5C230A92-D6F8-45E7-8735-1553D8A3741B,11
5CA3274E-E654-4C46-81FB-F1EB430D265A,11
F317CBE0-6779-4F47-9BEF-6CC179014F93,10
B4132A94-B32D-48E8-9BA4-AD67A354CA3A,10
70FE9A47-ADD8-434F-A4AE-31E67A285B4C,10
12FEA43E-4AC0-4D0E-9A97-A9DB1602EB8F,10
93EF712A-9A88-4840-9D7C-CC35456A549D,10
124B11ED-4328-4198-8550-D4D78E05281F,10
C35047FC-EF08-4E59-AE21-BC7EE757A0C1,10
B1534743-CE2C-495C-ADEC-99D789C6E45A,10
845B02F9-D2C8-4FE1-B41B-422B3CF66129,10
C6150473-1FA1-48CE-A6BB-74CF441573E9,10
85700B56-839A-4F63-9B9F-8E86199135E1,10
25B1404E-C0F9-4D7F-BE64-BB31FF66FCCC,10
7FF98BA5-BAAB-43AB-9A12-77CB4A81B0AC,10
99B438C1-CEF0-4B9B-B65C-A1D3924B5CDA,10
8103179E-13E1-459F-B595-28F6746D3CEC,10
50A1DE17-1630-406A-BAAA-5ADFD19C5E3B,10
34B7BF46-78DD-455A-B21C-F2BFA9C670B5,10
2EA5BA66-5D4B-432B-9147-7FA8663BAB07,10
6C580882-C923-4340-98B8-BDF3D0A38EB3,10
CD1366FD-74DC-4F7F-A899-A8FA1F9543BE,10
0592F80A-170C-4D20-9FE1-C6F9995818B6,10
2C6E81BC-AAFF-43BE-906C-05E4A1443C96,10
6CC4A3A6-D7B3-4D96-9194-CA4A4EF8A072,10
6686F3E1-47F8-47D9-8031-81600E1863AA,10
A868D8D4-5FAC-4064-92BB-1F988B0F5729,10
63C1531C-1CCE-4C79-8B54-1EB87E4D330F,10
5D7F708A-5218-40FC-BD20-E55CBA1B14F6,10
03C1D4CE-D1FD-420D-9EB4-D0A68CA88FA4,10
AF404A60-D23B-4D85-8A09-BFA355A6AFA0,9
4E3AD050-96EC-4C78-9250-DA7F757E8ACD,9
C5DDA78C-AB8D-4106-8822-EB3D578FB0CD,9
6E8A5982-B3A2-4FA1-8E6A-49315FC84DA2,9
C2289796-ED8D-444F-AC9C-16BE0508EA2B,9
673980B6-8AEF-494A-A363-94556F004F05,9
19C6E9BC-C929-4187-AEBB-7065F669E0C1,9
31594C8D-AC91-4AE5-9EC6-02433AB5242E,9
D0BFB73A-3297-4E58-A4C0-8490AACFFEC3,9
3015433E-450E-4FFC-84C8-A8C98F95C19F,9
9F16A6B1-12F2-4345-9B29-DDFF7F8C1B03,9
E1F993BB-E084-46A3-B9CD-4A25F4C73EF0,9
3F80F013-4083-41DC-A241-BB6959CDACAB,9
A7ED50E2-8773-452E-9B1F-0AC4FDDB5AD5,9
D4A43367-1A32-41C6-8C0A-E2E5E477CBFB,9
DD984418-4B95-4136-9B9C-7BC27A968522,9
D75DE29D-5136-425B-832A-1AD252DD8C84,9
C98CBD05-5156-46C4-BFB3-BD2177826BC6,9
E2E1CC6A-8C65-4E40-9BD3-F2AE800FCF52,9
F3F02906-B12D-42CE-900C-FD7E039C083F,8
910520E0-FEB2-4C4C-8CC6-3CB7CF453BD5,8
AE1C4F66-262A-4B5F-BFA0-CFCEFB63A74C,8
D48E633A-A9D6-4D48-A25A-83114DDF4CA4,8
657E8526-D515-443B-A3C8-F3E748DDD680,8
9E5DFC84-BF00-4DE2-900F-B81B4F85775C,8
4DF3701F-B634-4188-86F4-270BC9D92E7D,8
77C25660-B907-469A-8AB9-81DF36FD3E40,8
D8ACAAC2-E7A3-4209-89C0-322C8D9DA718,8
6E0DDF9C-B5FD-436B-83EE-B15FEF7E7D95,8
F283E82B-0F54-4E25-9ED7-3292F82AAEAB,8
E9CDF72E-54A2-4C39-BB06-0D834C6DC8BE,8
6299E8D8-19CE-44CF-8173-1A5E568DB2D9,8
B0F68442-193C-4689-BD80-7E8FB13588A3,8
2B52D877-6029-4BCB-91C5-9F2BE744A7B0,8
43E53407-DE6B-407D-A39A-9EA634FB7839,8
62C81B21-F07D-427A-A4B0-AC3DFD5381EC,8
3357C2B9-7752-4C37-963C-4EDDAB377816,8
46015271-9BA9-4097-9043-5125FEB722C2,7
C3D1EE9F-4B80-483D-8443-D0ED2787EEEF,7
76666D1E-8E9A-41E8-89A9-EF554D8D3CBA,7
E2230FAB-EC7D-4768-8A7D-AC2E11B082E7,7
21FCDBB5-A62B-4379-8167-FABB949EB9DA,7
652B1ED5-2FA8-4D4F-B596-6A2AC8713B2A,7
B54BBE3E-FF39-4C4E-945D-4D780C603B6E,7
97FA9D2D-1904-4BC9-84E6-7BEFE0C5CFDB,7
97F7A760-2E11-49C9-831E-7EBD311F38A6,7
17A78184-DAA6-46D0-91E5-CDF4162B1017,7
638E324A-40F7-4283-9C78-6B56D88459ED,7
058B7945-94E9-450F-A970-E88BA39F33D9,7
7B3C0C16-DEA3-4C5B-8405-10907BB3B6C8,7
81F258C5-810B-429A-A3F7-1BC798808331,7
06A19CBB-EEB4-443C-9CAD-120A7F46CBE2,7
7B32F360-CC27-47E8-98EC-7AE621C776BB,7
48B7103F-85E4-43A1-88F5-DF3DA5CBD6EB,7
E3727AE8-DA2A-4871-A400-00E2BECCC64A,7
3BA0AE3B-F893-4834-BAD0-6493970937C8,7
4890C0CD-3C6C-4CD5-B3E6-0EA2E6F6BD58,7
7FECBF09-5086-4C84-86DD-67F2BB429C43,7
944EF38B-08B2-441D-A96A-587A2593C1FF,7
BCD5FFD8-8300-422E-9F5B-C10C854C3C0B,7
95B13433-41F6-4FEA-A03D-821D51977BF0,7
3091AC88-776B-4570-BCEF-3681C31256D4,7
86570176-7389-4F38-8D9D-DA649C06A3DE,7
5928971D-43A0-43E8-A56A-4207591DE898,7
8D85F118-49C4-4F5A-8A03-0536BC5EB562,7
A59F597E-C0C2-400A-ACA5-0894400EC933,7
2C772CF4-F7BD-4E1C-BD90-0F027F523ACE,7
8E786786-19E0-4DB5-BA40-3CBB78313F3F,7
272472C9-297D-4575-A89C-D4EDE536B392,7
A6CEAFA5-E599-487A-B44A-A81379B682F1,7
0D59FED4-6A5F-4E73-A4D9-1FD098582538,7
26B50DED-8C7E-40A3-8311-90C1F3DE07FC,7
0893EF18-ADFA-44D0-A742-5760A9C3F6FF,7
5C01E210-6A83-4B56-8F01-069AB5FDBEB9,7
31306DBD-0EEB-4684-9CA0-B35B5C0B52F1,7
B78F94E5-AD3F-47BE-8733-3F28C4C74A75,6
7E81B1F0-E90B-499A-A909-6FEE83BE1756,6
A9953951-88D0-4277-8A89-B7B85A4372DC,6
F12C6B9F-A5DD-4D0B-AA78-7FBEFC39B0B2,6
E3AA8B7C-9F09-4FCD-AD90-2FFD91E4755C,6
EC4DAE74-15D4-4BE7-A4E3-D418D11CB35B,6
2404B774-64FF-4466-84B9-7C440C465071,6
5B714603-8104-4A16-BA83-3F7F3CB5A093,6
AD75236F-C89A-4246-9AF7-C935B4091324,6
5B59BE01-0CDB-4F92-9D86-7580DDA597FB,6
172EC949-610A-4AAC-B568-439FC3D74B7F,6
9F8F104A-BAA6-49B9-B4BF-EC850996D384,6
E7D813B5-F68F-46E4-AEBE-2DD6C5DBC740,6
AF8A45BD-7330-46FF-9924-8B1776E52574,6
A44C1A5C-7EDE-4A19-937B-604C44F7C744,6
DA2E6442-5353-45D2-8697-ADBB31FBDBC5,6
6E87E7F3-388C-447B-83C7-A77A9079EBCB,6
A4158EB8-CA08-45BA-B024-107407DCFEB7,6
00E7FA36-3E81-4A77-9AFE-2470064E8E22,6
2F87710A-0C87-40B8-8F7F-8564C40F18F2,6
3D45DEB0-CE95-4920-8DE8-4113FA39E893,6
8A645CAB-3E47-417D-B03E-07A54237F360,6
01580066-69BF-4DDA-9AC1-EF7E4719585C,6
6E795902-FB23-4DC6-BE02-8CF231776F74,6
6E35AE54-5D4F-44AE-AC56-699348555FED,6
33C0BAB2-0937-4E6B-96BD-07196E4AF916,6
525EC054-3BF9-4920-9628-059BC97A9DF6,6
1B4C0BAD-F633-434D-82BC-CBC2621E4E8C,6
E8D00225-AF0A-4CD9-9866-9B402EF33B53,6
8E511BA3-7D94-4342-B4FF-BAB70DE19E63,6
B9585634-D1B0-4CF9-AC66-B3D5D25531DC,6
14D8EC0F-B4FA-4C50-9AE6-8E3672E6A2C8,6
17CE2E5F-7B68-4FA1-B65F-EB0A3F255F12,6
BC034317-0449-47C8-882C-9C5359A24560,6
1572D092-45CE-486E-81F1-AF070B085B95,6
C3BBC62B-A2E8-4D16-80CB-2560F3CB413A,6
26763D03-59D6-4050-A50E-1F48F4C76648,6
657FE816-0279-44C6-AE38-AA7296375B10,6
89AEFEC2-69AC-4962-B3F7-356698C3776A,6
D3CF8793-5BB6-451D-85F7-B76822F67BED,6
82B94D4B-DC83-4F7D-A307-F6DD74CB4AC5,6
4C8042B3-4C63-44E3-8B65-A5795FFD825C,6
C137EB08-5463-476D-9D95-C47623B42093,6
06829813-30C6-49E6-B4ED-ED42437F3175,6
6E006165-2D37-41AB-B816-9AFEC4EF054B,6
8213B5A0-5BE2-4363-95AE-6C47169FAB02,6
A750040D-09E0-457D-87FF-736785838793,6
D51E5B99-CD72-4E9A-8A15-1F2247135A1C,6
AE9EC7D1-93D0-4323-8C3F-0793E48CB977,6
5CD64847-B97B-45D7-86A0-9A03B3ACFAA5,6
2D1D7ADD-45F8-4B1A-89C5-9D33EAA1E795,6
0836D350-9C15-45A1-A6AD-07E5DEC649B1,6
18ECC499-6DDB-4CB3-B687-56B9E40DE369,6
CAE657C6-1102-46CA-9A11-0367483140DB,6
00232F8E-D4BC-4E35-A536-B95D41F86183,6
81975A5D-F86B-446D-AB83-4810059FD705,6
4F15403F-37A0-4C89-85E4-3A22F4CBF147,6
EB05C732-B103-4245-80D9-9322BFA2B492,6
768EB97A-9607-448C-8373-166AFAB79E23,6
29D33AD1-9751-4C78-B516-08FC01845C51,6
EA00A299-10A4-43F9-A503-ACEC833268D1,5
8E20751E-B204-4466-B02A-495C7DDC5F41,5
3E32C7BF-B44D-4AA9-B7B8-09A435F685B5,5
8A3A695B-82C9-43E0-A57B-16B07669B9CD,5
C11DFD7E-8E40-42D9-A825-3719A7C87E07,5
E86A25A5-C1B4-4AA5-977D-B21191FFB689,5
967589E6-665A-463A-9F3D-73C811C5B377,5
2DD4AB06-923B-44AF-AA55-1A50255C1FBE,5
28B897D1-6445-467B-8A67-2D79F07E06D1,5
EB6845A2-BC39-4F04-BB4C-8DB090510AB5,5
B7841E3E-63D6-4858-BEFC-3F0EB9C50E90,5
8626333E-E918-4B61-8284-A57C58120FD5,5
EB63045C-BFFD-4D09-82AF-E49CEBCCF1CB,5
8AFF7C0F-ECFC-4E6A-8CE6-6E1570F288BD,5
39DFA6B4-D72F-444C-AA98-5252BB924F6B,5
318AC768-EEB4-4E03-BDA4-9E3753674661,5
B8277CE4-2ACC-473D-A5B0-5E15DFB615A6,5
37A3D9C1-C88E-4860-830C-2E815E049802,5
26727B8F-77FA-4B62-AF2F-A6B0E1253509,5
25484FA0-7DC4-4B6C-BB3D-E137B26BED88,5
6452A9F0-43D6-4CAD-B212-6A378D9317F0,5
C6F742C2-52A5-464C-9BBF-F5315D156519,5
77167BB4-3E9F-4F04-91FC-D22646EC1FFE,5
4F538371-3425-47F2-AB31-1BBC086E5253,5
13D79574-2480-499A-B0E5-6A9132510F15,5
A6FBA80C-02DC-450D-9DD7-35D4298D34BF,5
1524D51A-B9BA-48E7-B981-1FE98D625DE5,5
07F76B32-A0B8-421D-BB8C-1F5FBE72CB9E,5
69398C00-D530-40E1-95E3-B55FC46E78E9,5
4C8EAE36-C5ED-4239-B56F-E9535F21C4F4,5
F4C3DA59-AAB1-41C0-819F-1F6FBFFEB504,5
C7D886D0-430C-4271-8070-8B4425F5CD6D,5
4C1AF387-63F8-4694-B942-B0B758636833,5
D4AE7D17-3B13-4E3A-A496-5EEE0C617947,5
0C3D1616-3DB9-470A-9EA0-9AFE46C23C7D,5
75E3B98A-CCB7-424C-9E9B-88F10C7750AC,5
CE9F2D80-FD71-487F-AADB-7D7CBBB001F7,5
49FF95DD-BEC1-4E59-865E-72080BB36DA2,5
6ABFE3D0-2D8D-4377-8114-E61228400B6B,5
123D5014-1D59-460B-91B9-AD274A3D0FB9,5
706AB43D-F38E-4926-86EE-D2326E04A660,5
A424C3E8-EFBD-473A-BF99-82581C39469F,5
0BFE2D77-19E1-45AD-81C9-ACBEF9868415,5
A313A177-C8D8-460D-AC95-B6BF3CF9E469,5
0E262F6C-19B9-42EC-A432-484B8D1DA6EF,5
B17B3FE8-113A-47B9-85C8-E0D3D59EFEB6,5
6E1E6601-936E-48BB-A06D-08C92555D2EA,5
D9E78EE3-BB51-4A83-8E8E-3E526DBE61E1,5
CC9ACEE4-E264-4F1C-90DE-48EBC099AB3A,5
11388107-2A6B-477A-81D8-7E7F1AC8A629,5
544D8F2D-7D39-42E0-881E-04005A624174,5
F84FD27A-4D90-4DE8-A275-EFF8776D0890,5
53F1AE67-784E-43E6-A442-3C5B821434E4,5
6E9EAE62-9ADC-4E84-B950-56966D646A8F,5
10371E25-D070-429C-909D-BC1555AC02EF,5
3F297F38-D576-4843-B4D6-8148DA0518B3,5
0691CF8B-41DC-4885-8525-A7C3A2EC64C6,5
CE1AEA5E-A964-4436-80FD-FB19249D1552,5
B5AEDFEB-D8BD-48D6-A310-BDB32264656B,5
AD1A9FBD-DC6A-4491-A84D-1048225A03F1,5
7AB40B5D-C96C-47BE-A53B-17F466E9115A,5
9929E72C-7C05-4DF8-B360-5E02DB7BA057,5
FF9204B9-EC74-4FD8-9039-0ADFCCF7EC9B,5
AAF2C2BA-3876-4509-9BBA-8093E9FD6D6B,5
7BC9A903-9FEA-492B-9E8F-FF9096A5700C,5
1DC29FEC-E71C-4CE4-9451-F813D6E6F234,5
42F82ECF-B1A1-4282-A013-71CDC6345651,5
E153CA3B-A0AB-47E6-8CD2-2478171A42B7,5
6540FAF4-A535-4B7E-BDA1-F7B175ED150A,5
1E08E806-01C9-4589-B26C-658AEFBA41F5,5
7D8E4902-B55E-48A2-8778-4CF7C9E450B4,5
982A8AF1-B76C-43B6-B899-2134FD6442F1,5
C3D1978C-F406-4C37-84AD-AABB38267132,5
C3CD1061-EF8A-4655-B7D1-E34EC4C984EC,5
64169AB0-F807-4516-9D98-B0E51544EBA3,5
D1E1B058-5D74-4D66-A6B4-252462C15E99,5
D81F299D-D4ED-47B5-BA7B-330CB59F85AA,5
78705635-40B1-4C4E-9E7D-9AE59DC55CB1,5
459B7E5E-95AC-4BAE-AE2A-08484F11E038,5
65CE4E92-E949-412F-BA1A-0D3F8F795A97,5
99C41D61-B990-4324-B666-A7EB9D08E441,5
476717B4-6C88-4F21-9309-02CCCECE0DA1,5
F37CEAD9-5B33-4B4B-B024-2EFE300DF6F9,5
9AAF2C85-C0D7-4282-BBA7-7CF2126F749D,5
D32AFE2D-4B85-422A-8F6D-D52B48DFCFC0,5
99EFBCFF-FAF1-48B2-9C4F-CF4C6BCD8632,5
63D8523B-A522-4C79-9939-6E8593878E04,4
D2C1682B-0FFB-42CE-BC09-7E1159D1E2F3,4
8836EA62-E6D8-413E-A38E-32FF1EE87487,4
6BFA4E79-9131-41F4-8BB5-0F2969B17516,4
66503820-6999-48D1-A483-57966368038D,4
6C9F9849-7C4E-42D5-80ED-FB8C1967BD57,4
E8C68F77-A46E-476E-9643-1FAC05331701,4
3289E459-0064-4E41-8186-C9ACD4F585CB,4
656EA3E3-6983-4A43-B397-2F43AF3A76B1,4
5C5826BE-BC45-4895-B4E6-BAB9EAF24571,4
6B78381C-0861-4BD7-8BA3-4B882F2182AE,4
D258F830-AB11-44FA-93D9-66E0AD50494D,4
62211B96-56AF-4672-8BA7-754E3F0AC07B,4
6B2DF52A-FCE9-4C50-B8A5-372AFE1D40DC,4
69669FD8-FCBB-4546-9D36-10F2FE6D492C,4
884E986F-9ADD-44C7-A89D-C11DB9266714,4
67BC6003-E451-4ECA-BC17-ABAD6D214DFA,4
5B862BAC-D685-4525-8984-FCF9EFE70C98,4
62424686-FFB5-4579-AA0B-01E5168B51E9,4
5BCE7F74-9DAD-47E4-B636-89BB451B2806,4
5FC32B4F-37C0-4B9B-8EE5-50737BBF9AFF,4
3F0DCF5D-13C3-4DB9-B252-B90C8D85DD90,4
D8668AEB-159B-4FC6-9004-89723EFBE47D,4
2EB31784-9B2B-48D5-AA57-AFBCDD3E5D2D,4
4972BA3C-D693-4F9C-B221-6EADE240BEAC,4
76F77005-AAC5-4D10-9989-DACC616625A3,4
C1FFCD5C-5094-4BCA-99E1-A8BCE474D7D9,4
488C2FCA-F5F6-42C3-AA92-60939413CC24,4
81066429-2E3C-499D-89E7-E25BFF4ED027,4
792F6484-CBDA-4105-A38E-E822619DC848,4
795687DA-AFB2-461C-A43D-74D5E6600413,4
80FA2A44-109A-4161-8522-8078A7249E9B,4
45711C5A-B2BF-4823-84FF-F25FC7F04C7A,4
3B020EC0-04C0-40E6-BB27-42BA4E452FC7,4
79B5D7F1-2400-4659-BEF0-CE2D29B33171,4
44C2CD34-77E9-4EF7-B249-CF0CF3E14D43,4
4466027A-D38D-409B-9089-1B9EECDC1C8A,4
E3467D80-13A7-4C31-B14D-CC4C3B12086F,4
3D9F0F79-FD72-4FA9-A39D-E595832941E1,4
E2431A12-51E3-4F82-B76A-C6822C5869AF,4
404E3BEC-DB54-4E73-BA03-BF08CC8DDF51,4
76922933-2070-4A74-97B2-B5D6A49DAD60,4
DD7C17A4-98AD-4896-A3FD-CD86406E2806,4
56604E27-3592-4004-AEA9-E169D698EC31,4
DD7B27ED-330E-43A1-ABA4-B4E41AFFD8D9,4
D943E6FE-40B4-4018-9657-00CC2CC22026,4
D966BB61-3D36-4457-A5A8-2DE10449224D,4
BEC504F7-738C-40D3-B666-88BED1216CB6,4
55617AE1-8AD6-49F7-BABE-AD783C499034,4
33C89110-F0AF-4CC2-A75F-8C04825EB6E4,4
86C042AD-DDFD-4C1A-85CB-B25471DF1D50,4
863ACC75-A75B-4B22-BBD5-B041CD733EF3,4
DA7E8549-F89C-4B30-B3DE-AA68A42DC686,4
CB11C174-F974-4688-80A3-3102FE5F724C,4
5033A559-126A-4C8C-9798-8FDCC4C74ACD,4
E6FE0B9F-3BFB-416D-A566-D408EEA34CEF,4
50159698-4357-4C9A-B707-0FA4BC093705,4
365CD11F-35B0-4495-8B70-30FB727B749B,4
72C0AD3D-F381-4DA4-9759-FD77232F167C,4
4D112212-17CA-4A72-A6F9-79CE951F430A,4
E5CA8043-BC60-4750-95DC-E141FA711291,4
4D03ED09-8ED9-4337-AC16-ABDFF6107944,4
CC0380D1-91DD-4AAB-9805-DBDAF639E25D,4
AC5271A8-4865-4130-B553-C05EA5EDDE0A,4
32713068-3DDF-446D-8C5B-B8D52BE38B3D,4
0DAD7D47-F27C-45B6-8B2F-F545ABDFA0F4,4
F7B7ADEC-030A-49F0-B76E-382EA3D73D2B,4
9FB55C18-6271-4428-A01B-33759237EB32,4
0FB58FD0-026B-44C0-8664-65D0A58005FC,4
0F53B7F0-D282-4D63-A196-5AF3BDAD7761,4
944BFAD3-A61E-4858-BCB2-AC22E2B5F158,4
B226F129-E6D2-4A38-9E28-EA4AFF59A776,4
93F4B055-CEB9-45BE-B73D-4039263B24E5,4
262A5209-E0A2-4779-AADA-83709B5DBC5F,4
0EC32279-C431-43BB-872F-E40D2713D1C9,4
0E5B31BC-1AF6-4536-8DBB-E135404A9C9D,4
0D11BDAD-B407-4C0D-8B2E-A398D7D5FD62,4
11A43B71-AA10-4D11-8D26-AB57BB68C62B,4
266500E7-584E-47EF-9B8E-118B78442B42,4
FA6E1CBA-992B-4060-8F8F-513D55A737C6,4
FACFDF7E-83FE-46E8-BC6E-E4154555364F,4
A2130D45-1B51-4530-8712-D11EF97AA89F,4
A3F33745-8641-49D2-A054-739C8B03E722,4
A489946C-9F65-4680-88B9-AA6CBC00714D,4
27B40B02-5FD4-4344-9AD7-DA294127622B,4
A5455936-4449-4C09-A477-1CF166514A09,4
EC83A793-8CE7-46FA-B4F8-81E5BDF04181,4
08BDC6F0-0C51-4D90-AED6-A6E45EE317E0,4
9EA0D142-1223-4061-AABB-B7AA4266FEDE,4
9E500403-291B-4FE4-AB79-023730242F30,4
2907668F-47C8-4307-A8BA-CC69EBDE6E66,4
2001E910-8250-41BA-A0B3-103175B8E241,4
1C10461E-0D68-4C25-B293-5AC39B561ED7,4
1BCB7DE1-56BD-4235-82C5-D392E0D98FC6,4
F2F2E7CB-2E6B-4611-9DB6-985CD82F7C75,4
1D95361A-EE54-40E0-A031-81037345BB57,4
98842265-278F-4528-A476-8AD3E8D988FF,4
9AA4E73E-BDD3-4C6D-854B-B91BA078608C,4
F18A74EC-BD7B-4608-9865-92CF7F8FAFB4,4
B61B07E3-3B5E-431C-8F19-88505B85E133,4
F3CC2366-E10F-46E0-8018-773D0E2F98A8,4
1F45E6AC-67EA-4F51-8BB4-BD3EE085158C,4
97C472D5-6593-47C6-B55E-C2EE01EEF64C,4
F6C7D2F2-7860-49E0-949B-BA734807AC05,4
F40A9256-F67D-4F8E-BE0F-44B79A82712B,4
20BFCB4A-C140-462F-A7B2-0B5E9DB52E61,4
F4BB454D-E8B1-48B1-9844-FE58BF816C7C,4
9CE8376B-883C-4FE7-B5D3-D02BD840B1C1,4
F06FBDCD-2118-4BA4-87A1-1549C4DA744A,4
145DC926-0EA8-4F06-AB90-526ADF78EE19,4
9DE4BE6A-05F1-4AC6-A3EC-B4F33EA96180,4
1421CB30-DAB3-4640-AD66-B269DC49AAC9,4
1414E596-868F-4FBB-A9F7-CFD4E705AEC8,4
9DFDD5FD-F07E-43A6-9173-71C123B3F4DB,4
28C54A37-9A88-4D25-AB8D-5C7FBE6D6764,4
A0614C8E-6648-4978-871D-194233E3B77F,4
082AF213-5031-4E45-A81B-1D3F2CDBB3D6,4
ABF28B5B-11CC-43A8-B508-0A7DC02B8BC4,4
2C53CB49-6B36-41F8-93B1-861145828B23,4
A815C209-760F-4D7E-BD19-FCA673896A63,4
02CFDB51-5ACC-403A-A181-C4E9754945FF,4
BB60FAE7-91F0-4647-BE14-AB1181C68706,4
8CF2A075-C344-44A0-8D6A-7C076B0D50BA,4
065D692B-12B2-4387-9FBE-372251D6C134,4
A9FE2CA7-E55A-408B-B358-E63E9B2783B0,4
2A3ECE8B-FCFA-4053-90EA-5CDBC3339C95,4
014A6AA5-FFC5-47FC-8685-06D354D6BFF6,4
FDAD4769-074C-4640-BB61-8C2F74911430,4
8A92553D-822E-4045-823C-9C8CCA624CD1,4
00500CF2-BC27-44BF-B441-5E5A6308F5D6,4
AE216A87-94A9-4802-A42B-8EB056F8A5A9,4
8F27025A-70E9-49DE-803D-25E613558E7C,4
A88D9597-B949-41C9-8339-B1766746FE4E,4
A7736029-4296-47A2-8346-38438BB7FE86,4
EA42BE75-F2BE-450B-B4EF-5CFAE753868C,4
2E71AE84-4EFF-45ED-9B42-9421A068D535,4
07F82592-5760-4150-99F9-A19497F3E8A9,4
65722216-2E3F-4CC7-A583-39A4123A71FD,3
7596ABEB-342F-4648-899B-6DC03352BE3D,3
F6490E10-BCC4-4DA3-903D-A8A813A253F5,3
4B3312A9-02C0-4E5E-9FE9-25DE75485379,3
45B93CB0-CE6C-4A23-A17F-DBF5536D9837,3
9BF3B0A2-A4C6-4BC5-AEFA-C04A1F24D3CF,3
4B780FE7-D86E-496C-8435-5F176BDB9651,3
648AF67D-A9EA-48C9-BB7C-EF285375A5F6,3
9C173592-A7E6-45C1-BC45-3293A2F5B50F,3
9C2D8593-EA64-4918-A394-C7BCBEDC9331,3
1C1BF8EF-D607-4DA9-B396-CBBAAA1E8446,3
747428E9-AF2C-4B21-AAE0-64AB9ED2B718,3
9C3D3ED8-F9D4-4A23-88AA-F5472EAA8B15,3
1C2E866D-5E9A-4147-8617-ACC9C2FF4367,3
AE036D48-BA31-4D52-8184-B321162F561C,3
9C5BD710-742A-4E92-BD3B-D13C9FBA1767,3
9B506F22-45D9-4AFD-A49B-5CFAA2D50258,3
73C6F34F-1932-4CF2-A258-BD9F20697E01,3
C7E68403-6901-4FFD-B17A-632CC903184A,3
15983FFC-C76D-482F-85A8-AB45C717A9BD,3
A9D58953-45A2-4717-ADF4-66C48A83A25D,3
03765BAF-C84D-45D6-A34A-47E55CD625EE,3
611BB300-3123-4C3C-B41C-2293649A1E4E,3
733F67BB-F941-4867-8E92-62A780177538,3
4D63309D-9099-47F8-B535-EDC228348FEB,3
9D657404-CC8D-4396-9DC8-94F6B57607E6,3
04D40413-CEE1-466B-A137-95FFB16BEAFE,3
DD3CB80D-0ACF-41A2-ABB4-B4F6251446E1,3
1B7CBB87-6E6D-4B35-88B3-21428B800C89,3
9B46B227-6C34-4E42-8C0C-B9F5B06038A0,3
77201EFF-0EDB-4AF0-8DC6-8908902F301D,3
77B94AE6-752F-4983-968A-39CBBD47041C,3
F2F63278-08E3-4081-8550-C61D5BC3C025,3
DF4AFC5D-9D12-458C-B37D-4B0868B5A688,3
9A8B087D-E4D0-456A-8062-2898A1F3CB6A,3
9A9B68B3-14B0-4ABF-B951-A53DC2CFDF12,3
4717BEA5-D3A5-4889-8547-0ECCD0D1A046,3
7729A3BA-8B99-4DBA-A577-FF76802F2226,3
1BB945A8-41F8-4F2F-8521-029996E9E140,3
1A8C6653-6CF0-4500-B21A-FBCB1D6A4AAE,3
48AFBEE6-F532-46F5-B9F6-B7BBB265C919,3
AB813A97-4C73-4902-B4C1-511046F31BEE,3
9ABC66F7-C9A6-44EF-B691-09121D5B9FE5,3
BC597FA9-5A24-4E0F-B9C4-D7B1475351BF,3
1BB5E004-5609-44EA-BD1F-C2B2FAA084E3,3
635AE715-BD06-467A-8F5F-823DFEDCB5E3,3
DE7CDB3A-D25B-46CC-B3C6-D7895FA6E0DD,3
9B0D27BB-22BE-4D41-8E51-A3BBB826AB78,3
9B1FD1C0-539A-4BF5-AEA5-23747F3DE17B,3
7880151A-876E-43B7-8805-46F23DB56549,3
4F515F1C-8D08-4C7D-B535-4D17E94AFBB3,3
01CA4E36-143B-46B4-94B9-25B1FE755DDF,3
F3D2FBC4-6952-4F04-8DB4-19B9DC3605A2,3
FF8846A0-D378-4392-B070-A0B24322D6EB,3
78C7CFF7-1B93-451B-84BF-80069C773102,3
463A86C9-3594-4272-A295-891078F745AB,3
62B878FA-3A33-4216-A9E8-862B0B4643E1,3
C6F4F3A7-D353-4CFF-A91A-7A5D75B460F0,3
122A967D-4EC9-41AC-AD85-CA0991D79267,3
1318ADD8-85A3-4FDE-816A-99386CE74212,3
6CF674DD-6F09-47CF-AB85-4EBC7AAC5A23,3
0A73F6B3-EE27-4627-B3A4-6F6BFA7772AA,3
6BF0EF1F-920F-42C1-87ED-774E2A0A096E,3
AF9C18C4-E2C9-4432-8E57-E24752EFB648,3
0B93CC55-30EB-4C99-8A0F-AC0FD406D5E9,3
D49CB836-3136-4411-8F6D-EE8672C517A5,3
0BC22858-079C-42A9-91C7-93D44509F167,3
0BD679A8-89B3-4178-B700-2688CBEBBE76,3
60CBA43B-1746-4584-AB60-2C517746EDE8,3
A1F59322-EEB9-4309-BC9F-67B3582D1A98,3
FD568C99-DC7F-4264-8C09-800332310D02,3
D8219AE3-535E-40EF-94F3-CE23CCB689B8,3
6D9BDD77-7BF6-407E-9A08-6726A5A54022,3
AC6B38A2-B554-4937-AC89-9598D85F7E89,3
0CF56760-8D67-42FC-B35A-F7B15283D021,3
5E554088-8D5A-4E02-8A99-52C7FECBF018,3
09B23A79-8DB6-4FB1-8DDE-A6F5CC941CB0,3
6B0810F9-E589-4469-9768-5F23BE58B3BB,3
5E1569E2-4B9C-4DAD-848A-7C2F6BD3CB02,3
098AF839-3F94-4990-87CB-3D0D0BAA0D76,3
5B99F632-8884-42FD-9A45-285840052678,3
5BAF1859-65B6-4BFB-92E4-37BE785BAAC4,3
6AF89526-6873-45F7-A0F4-3C1EF69A54AE,3
CD86341D-9DC1-43B7-AA29-707C815B3D25,3
5BFFDEA0-7C2D-429F-AC20-1E861122B0F8,3
A58E7E60-29A0-4CA7-BF81-7788E4340366,3
A5BC8C8E-8FA9-4534-BFE1-1CA4E013809C,3
FCA97BB2-FC9B-4D97-82F5-FA1C048EBF75,3
69E0DFCD-A6EC-4126-B47B-8754FE5626D1,3
69E059F5-3C0E-4723-A6A9-930C1F634ED3,3
5D46FAA2-A53B-4499-87D4-FDFE93ECB4DE,3
5D5142C5-2130-4AE0-AB17-FDF8F6E78B21,3
CD057BB4-165C-4B1A-9068-0881EC135D85,3
0D0BF77F-D6F0-4B10-926F-05079E618211,3
67F93DF2-6DEF-4A8A-ADED-C3263D1AF6C9,3
528AEEA5-4AA5-4CA7-B7EE-15252B81F9C8,3
4FAF4B56-3F0D-482B-B7E9-A3D648C891AD,3
66D50C18-D88F-4104-9063-43B5EBCA1C1B,3
5D91B41D-F143-4819-9917-36957593BAD8,3
F733B964-1B26-451E-910B-636BE11005DF,3
11BC06C2-264F-438C-94FE-6EDE58928EB2,3
D36B3CFC-BE27-4E06-92A7-E82F6FC0034C,3
FE522DAD-7AE0-4CF2-8E57-ACDCD0258558,3
CB8772C6-E5CF-4796-8A76-099D29E3C09B,3
9F13ED87-4C5C-4FAE-8C31-9CA70FD89CB7,3
6775E979-82A0-49AA-9307-6CED9FFF5398,3
F7C6096E-3030-41B0-AB96-F70B67E1B988,3
6FA2C160-3F0F-4923-A633-4E4B9CB67554,3
9FA3796F-9B94-42B6-8113-88246AA6F29B,3
6F79C3A3-577B-4B8E-9527-6EEAAA6F4F18,3
67897A80-CDBA-4F2F-8918-443639F92F4E,3
565022CA-4064-449A-9C7F-09180161CF59,3
52D62DB8-C7F7-4A79-BA4A-7DA253110770,3
53F63253-E8BC-4D6A-99E3-A2AED9F631BA,3
0F86F02A-0450-457B-9736-31B44CCF6D09,3
DA25A62D-4844-4107-A05C-6E94BAD77F4E,3
B2989726-C3CA-4BA9-B14F-C4F462BD118E,3
AE07585F-F364-4175-A53F-BB341BA0D1C7,3
5467922C-2BCD-4E7B-8B10-6CB58F1D9C9D,3
5FA3072C-FCBC-40F4-A649-AB105349C756,3
D3AD31AD-7CBD-4EA4-8B8F-81BFC4E7C55E,3
79CB7B97-30E3-4FAE-9EA1-1DFE302C5F47,3
5F4BE39D-6ED2-4946-AEB1-C681240D3A57,3
55E34DC1-1EEE-4F84-B15B-BB2D060B46D0,3
55EDE995-6356-4E87-B6B7-7D2DC1024760,3
563116B4-ECCA-4CAC-B2D7-4096C75EF963,3
1C93B1E5-772D-4139-B0AD-33EA389FB983,3
2ECF9A91-E38B-4F84-8FE6-71582C1CB4EA,3
F230534D-D23A-42B2-B9BC-6F210A1BCF55,3
3E5903CB-C904-4B16-8532-D43FF1E88751,3
269CFE19-122D-4C04-B69D-0EFC32A76EFE,3
9188ECF9-D24C-4F85-BC9C-FC774395BE95,3
268676F3-8E18-4E32-95B0-9952D98BEC0C,3
374CC611-8BEE-4FC5-906D-5BA19049C87B,3
8248A0A9-D029-48FD-93D6-A8D3E94A8C4D,3
92DF56B0-B209-44D4-B8F6-FB814FC57DA0,3
E48311FF-8205-491A-98D6-A6C82D03D4EA,3
38569E6E-FD6D-425F-9796-011801E32CB0,3
E42BA348-B3EB-4CC1-B0FE-2A8D71DA236D,3
3903407A-7A30-4922-8A4D-D444C8CB5496,3
C2005D0B-E875-4DF0-B0C5-1CBF6CAF88EE,3
39CBAF12-640B-416D-8960-E1A49ABF1708,3
25601070-9C80-450B-B8DD-0A8FEFBA6D30,3
EF173542-4829-481A-AAD5-D3F1B64500C2,3
254921DF-6154-4C5E-98D6-71157D92DFB2,3
3AAEAE46-8E33-45EC-A436-8D1D1ACA6A26,3
247439A9-6D02-442D-8C98-68BB504952CA,3
B77A9DF2-17D5-4142-84C8-48A74532EE57,3
3B3A27E2-6C51-4BBF-9FAA-32301E602A1B,3
B7296B44-D98A-4E67-8053-E7E99D157D05,3
EFB32CB6-D21D-4A7D-9783-2C45CE99A8B1,3
3C9D22C2-22B8-4ADD-B703-20BC1F6566F1,3
96433D78-8C23-4E7E-A59B-20E4ADA54E0D,3
3D7780FC-9368-4282-8A0C-11BA65180C8B,3
3D956DF3-1C35-45B6-ADC2-22D310FE63D5,3
E2E01ADB-7650-4B71-A03E-1EC632F335A9,3
3DEA7EA8-4357-4D68-8EC9-BA654F58EA7F,3
26A5E78D-67BE-4BCC-B67E-AC7BBC03548F,3
839E217C-D8B6-4848-AFB8-8DAD0E0E178B,3
C07F72D0-AA87-483E-A36C-9624DD320193,3
EC352355-174A-4001-AD3E-C4623777DC98,3
EA028B81-9124-49D5-A933-A068AD025501,3
2E303A54-B9D6-4A9F-BCBB-F2158B1C48D2,3
8A1C0AAF-F9CD-4AF5-B0EC-6B2994EFF117,3
2DA15EF0-6300-4D75-BF93-17D7432E6AD4,3
EA770B4C-41BE-4122-B9A0-518F15D32825,3
EAAD9256-50DD-4EB6-9B98-D7F0823A5082,3
2CF4292E-A6D2-419B-A2C1-F2EF77FDB7D4,3
E9A2E1A5-2857-4020-811C-4DDA1E8812E8,3
317DF05F-A160-4028-98C6-F0FCC79651FF,3
BE189CD8-E2BB-43B3-B1E3-A61EC301DA4F,3
31D382D5-AE31-473A-A1DF-24F20058A5F5,3
321B6322-AFEA-48F9-B73F-DBB8E60343CF,3
BAB51B44-CB77-4D63-8FB7-CA421961B14B,3
E7015D6B-3846-4E4F-A5BB-CBF9B025EB07,3
291EC4C3-E889-439B-B8E6-BF08BA3ACA7F,3
2907ADD7-0440-40A7-B436-3ECCEF71FB7C,3
BF47D388-B1EE-4B33-810A-0EA666A7BC05,3
871947ED-289A-43DB-BB3A-DB6955907ED5,3
86D19F40-5969-4D07-AA1D-64E9D526447F,3
349A380A-1097-45AC-ACEE-D801E72E4F6B,3
280E0A61-B62F-4F2D-A737-26E12DD97B57,3
34D02A5D-F2F4-45CF-B49C-703368711B1C,3
E7CDEC2F-E5AF-4429-A90C-0D7ABA761FCC,3
34F89F07-3ACA-47FF-933D-563D4F72FC66,3
858A3AF3-4E29-4BCE-BBD0-D234CDC525CE,3
84DEA4E1-6A2B-480D-A299-BA0BF2BEDB9C,3
21B63203-4E4B-44AE-862A-89E8699D83EF,3
76DC3296-A929-4E02-8E1C-280ACF5587C7,3
F1BF75F0-C952-4A52-A437-5A52F79EF29C,3
40790740-BB28-43A8-AA29-4882F1F26C4B,3
4336945C-4EF7-46C4-934C-330B0D9350EB,3
41B4A349-78D5-419B-A42D-46AE306615A0,3
1DC69DE0-7C3C-4CB2-8E1F-45E6586D79FD,3
4194AD80-4F2F-4E4A-BB92-8192A92481CE,3
1D0510C3-9071-445B-894D-9261F4C2B32C,3
E2B21AD5-5DB2-45CA-9FD1-9EE6BA6AB671,3
7C06497B-9C2E-47DC-9DE6-70FBEFF72614,3
1DE476BF-3DED-4398-BF43-9D403486F32C,3
7DB37E43-2AD9-42CA-853A-28EAF3A1ACEE,3
F1401350-4B3E-43D0-97C6-5F4220B0E3D1,3
4438CC27-3BC0-4094-8A6B-14C5756BB6A7,3
20B26175-CA46-4C26-B495-CFE9FE7631B3,3
40078308-5DA8-4B1F-96B1-DB3750E349F6,3
1F05CA13-A5F5-4793-AF4A-1836DA8EC181,3
F2242228-2720-4375-998D-0AE1F4F388C3,3
7CA6087B-C24F-4167-A9A8-F0CBD8D074A5,3
991AD09D-3DC2-4EA6-B27F-717A5EB49A1A,3
B688F2E9-83A3-46DB-8468-BAEBEE4A907F,3
F0A4902D-532C-4B53-A870-40BA90051F65,3
B5FBB21A-38F7-4471-BDC1-261EEA642E9B,3
C3795F16-E217-4558-B686-EC65A1AC4034,3
C4D7ABFD-7149-4E01-BAB1-A791AAB74F2D,3
3EDAA47D-B8C2-4AEC-926D-401F59CC1A2E,3
873C4A9C-6C0B-4FCF-80F8-93D75A482BC2,2
7BCC0A96-9699-478E-88E8-A1D1AA67228D,2
8646626E-144F-4E98-8A7A-9623AA90502C,2
8F8C28F1-22C4-4E4D-935B-A431D732F5B8,2
CDF27137-32BF-4035-ACD7-C424B7046723,2
AE6AA29F-339D-44B4-ABCB-1D690752D5C0,2
C4910103-B98A-4BDA-86FB-1EAE041EEFE0,2
BA582662-B750-461B-900C-14FE4D82189E,2
876D109A-C968-4F2C-A6E7-B6233B1B4660,2
7B8E7BA6-ACB6-4662-9AF0-44F497A88794,2
7B8DDC72-2830-4F56-8C96-B65031CB549D,2
A757DCA4-11A9-4E31-A909-4178F9A4326C,2
C7E2075A-53F4-4069-AA73-1F3FAF48D0CF,2
CD8ACC87-BB3C-49A7-BB92-E0D4A964D9C8,2
8FA23268-42CA-47E4-A262-D59472899697,2
85D242CB-A1AB-4506-82A0-E565C1F963AB,2
842CDF34-01CE-4E95-88A5-E02AC347106D,2
B9C75875-09FB-4518-AE08-03F73BD65EC9,2
A52E3329-D7CC-488D-8AC3-919021632FCF,2
843A7EAD-5716-4AB9-8A84-18536EFA7EFC,2
6B0235E5-CE57-4934-B386-7B9B98BD9E5F,2
84E00116-79D7-4C13-9F0B-284F4F2BCC31,2
6B000611-11D2-4C48-81CC-98F5DB457F26,2
B9F79BD8-3B79-47E9-93A8-48A424A3B58A,2
6AE47E5C-D97C-4C0B-9D56-61B12886F4E6,2
CD83EAD7-DF1A-43E8-BE96-15351EA8271F,2
AE885545-BA50-4C45-9E5A-B688D2236E2F,2
C5E408FD-9C71-4FC2-A1A9-276608C630A9,2
AED013C9-A7DB-44C1-918A-6BCC2A23C974,2
77A8EE43-F05D-4B25-8DAD-D5B091DF0FF8,2
6AAEB811-7D41-4611-B4AA-23F860CE33E2,2
A6639F33-85DB-4CA2-93D6-3700CA6A03D2,2
BA02B0E0-02CE-4EC7-9677-B7F2E31807B2,2
6A6611D9-8A9B-4DD6-98FB-EA8C41CD3CE5,2
69E434D7-EF07-4DC8-B364-75E9A3400161,2
A67A4025-408E-42A4-9ED4-EAB6F568060A,2
BF1F4DE1-70A6-4B96-9231-FA58A6C3F652,2
BEB23009-19FC-4DCD-9A61-142CD52ADECF,2
BEF78170-5B11-440F-BD7A-AAEB3BB6E580,2
ADAC0FC9-E8A5-4DAA-A8E1-101AF578D66D,2
AD2C15BF-3BDE-42D9-BDB8-92DDB3441992,2
A9ACD461-A109-4BA8-B427-EB7DC65D8984,2
89932F7F-919F-46AF-B7AF-DA1532A8B159,2
7B2ED505-A03E-4298-B19C-DAAE64EA15C6,2
8BB4D18D-D0B3-4FC6-9B79-A23D55FA7786,2
79343902-89BA-403D-B17B-EA20FCBE38AA,2
99B976EC-A20F-4AE3-A4AF-F5F90629A517,2
8B8BC990-73C5-4DCC-8B24-C7638E76E995,2
AAE98BF5-CBFB-4A54-9514-D36AAEA4A0E0,2
89EC125A-95B0-4BF8-A05D-FD06FBDF1541,2
AAFB850E-E591-4CF3-8FD4-9FFDA42E0DAE,2
6539853D-A668-4143-B7C5-E0BDD77BABBA,2
793B854B-F6DA-49F2-9494-5292B6E77A6C,2
651D8CD2-699F-43CB-8ED1-E1ED240E93AE,2
64E3B3B2-ABCE-464E-B16C-929780FBC7E3,2
AB6081F6-6CA8-418B-9301-AC8A0210673C,2
7B0EF623-D97E-40EE-9318-2FB688DED969,2
ABC62D55-F7DD-4071-AB37-02D99EF65243,2
8A35EA91-4629-458E-8BD9-99DEA60A2362,2
ABCBB528-7405-4626-86A0-B43F95164F37,2
D15067AF-CF52-4AF5-8432-8FC9036D7E78,2
89864B95-73BA-40C7-8640-FF6A943E4978,2
ADB3EC30-DB46-4964-A26E-749B679FB9D0,2
8F31099F-A120-4E25-B268-054D438CED2E,2
A8F0EB1E-B82D-4DCA-BE2F-0F62A7EA71C2,2
68B87111-312B-4C16-9813-E293E681CD34,2
77F1F6E9-7930-4BC2-90D3-A996D39B5569,2
90D666C7-DD2C-4552-BFB0-21BA09E91031,2
7801A15F-6E49-47E7-AD1B-DC76DCCD237A,2
8D0DC363-21C3-4376-9F5E-0384E9BAD495,2
6458DA3A-91BA-447E-9214-061F5C1039F8,2
8C6E9B5D-A0C1-40E2-BA87-9E70DDE0591C,2
989E82E7-7E33-4A80-99D4-57158703E3C1,2
BB9D26F2-E195-48F5-B6DE-5862246A142D,2
98F4A07F-B850-4129-A70B-5476763782FF,2
BD2014A2-FD1B-4C55-876D-9248F209789F,2
A83427D3-3068-4499-A2CC-6F3BE102E435,2
88DD50FF-7665-41EC-92A2-66403DCDA408,2
A835087C-80D6-4C23-86FF-33E67A7F50A3,2
A839116B-385D-4793-AA8C-45CA5A3B0622,2
6651EA5A-E50F-44B2-8E77-BC5AA603373F,2
8C23B966-58BF-4474-A5B3-BEF6113F0B5B,2
8BC9327B-A028-4AEA-AEF5-F3498DFF8E1A,2
CFF816CF-C4A9-4AB7-AFC4-7CE763E8762B,2
BBF1BCE4-1F01-4F24-8AB6-9F5D249C6E90,2
8928C7EF-DB97-4B20-A3BA-FCBEE1906395,2
84244E8E-417D-4273-9C72-5E13832D5D17,2
B95A8746-208C-43F3-9DA8-D72941CC07BC,2
7CE0D6F1-F544-4343-BB57-DC14D7A59D82,2
C3275359-E934-4F5E-8BA4-386D9C665132,2
74E71E52-B10E-4B7D-BA53-23DEDAF97A0E,2
7090C290-39BD-4EA3-BA6B-087F5050347F,2
C31441A3-CA92-466D-BD01-637CFAD7195B,2
9E5370B4-5187-4C14-86DB-33DE36B91477,2
C2F27BA8-0A1E-474B-8735-5B3014E4D488,2
707BCF26-5537-4036-9238-0A47315A7E61,2
962A2BED-07CA-42E1-9953-A1CC9EF732F8,2
7FD5EA8C-8AA8-4903-B79F-56CD0225216D,2
B715F928-9429-46B7-80F9-9C3D38ED589D,2
95DEBEBD-69C9-4315-A030-797904048572,2
7E350CC9-2E9E-4889-B96E-1C193A95DFA4,2
80124A2A-08C3-46A2-A5A0-D72B826B29F3,2
6FE9509C-771D-4C0B-B7B4-2EDDFB8ED005,2
CB88B66F-1D97-4479-AE34-045984FA6F1F,2
80343791-733E-403E-AC3C-8E6FB80E180D,2
9B87B742-0969-48DF-8D7E-5706815594FC,2
CBDC7FF8-111B-4942-BF0E-A99DF035B28D,2
B32BA7F8-02C4-429E-A7E7-C21839CDF00B,2
B771D936-D6A0-4898-BCCA-617B3B8FC782,2
6F7E0091-C180-4898-94E5-A994A087AF0C,2
9B610765-A3FE-49FC-B6E4-082129EAFBA4,2
9E1E0B3C-8459-4367-B9F6-C6B4E911AC83,2
C3373465-85EF-4F2F-AC36-554675CE71C4,2
6C02BB73-8AD5-4682-A4AB-4A10828EFDD6,2
749528A8-4F65-41C4-8474-BBAA74D2ED37,2
7456CFAF-4DBE-4784-A07B-827416F55650,2
B6EF1801-9C4A-445A-80FF-3CEA52E708F0,2
979A969C-C9EA-4D58-BA70-9380859FE2F0,2
7E87F799-DAF2-4CB9-8D74-5534A7A99E22,2
B4495241-A9B8-422B-816D-0426B3BADF4F,2
C806DF04-9D1F-4755-94F1-DD41C2944055,2
9727BDA9-5981-427F-A8F6-4B66803DD5C0,2
9D0C5F6D-E2EC-402A-B26D-EF21A234A490,2
9D29A00C-203A-4861-B0D2-B57B42AFC972,2
97270AD2-E148-4953-8D60-400AF1F51677,2
C9765ABE-8867-4D43-9D64-EBEDDEDBD40A,2
7EEAB738-BCBA-493E-94E9-60D394577D5E,2
72AF6D2E-AD88-4931-87A3-09DC2BB03D57,2
C33763F0-7666-4782-A6B7-B17076A6F31B,2
964FF509-24BF-4F15-8F3F-BAC5FC773696,2
72073F6C-A5D3-41B0-BACE-84BB066C1609,2
CA12DBD8-B189-4581-B4BF-54049B94F5C9,2
7F15A317-95A8-453E-A405-3D17F8F80D44,2
CA36F4E0-B01B-4BCB-8A9C-D4F8D0123B1C,2
9DECE516-28BD-4960-A2A9-531DB4E43EB8,2
711C778E-B9B1-4989-A62D-E1081AFCAB7F,2
CC1A2EBE-9F9A-4F30-8568-29A700E98EF1,2
6F2D5559-7E93-4623-95F2-A786A0E8F4DB,2
80CDCAFB-7814-4919-B544-B08C1A54DE1E,2
C2066507-5862-46E9-8086-50E63554FEDA,2
8223B168-6050-4BF8-89AC-AFB279831F48,2
CD03557F-9AEC-464A-A3ED-6C33F2560622,2
B124CB88-F48E-4B82-96B9-59E48BE4A306,2
98606922-1CC8-42FE-BB66-139AF3CF523E,2
828005A1-ECA9-4296-BED9-EA3C242490F9,2
A19120F3-DB84-4DB4-B8F4-DAE4E7C9FADF,2
923994B6-C670-4D4D-ADC3-474202E0C2DB,2
82F5A1FE-AFC6-499D-B817-329A5D4C9B39,2
B583A296-848E-4A01-AC08-14C61303C35E,2
8315F6DE-FB85-470C-913D-2DD4214AA582,2
6D4566BB-0EB2-4A62-8E47-0FCA535DF01C,2
9AF4AFB0-D5BC-4454-B64C-3C12638E921A,2
7D5E631A-AF5D-4D15-A7F0-0723EA5EFE81,2
7D52C98A-D844-4A88-B446-20AB4F329F95,2
915B81BA-B9EA-421E-A164-1B15F860F636,2
CD216585-C486-4583-8378-79992695D3A6,2
B6CE1877-E8AF-4004-B325-48FB8A6CA794,2
A235553A-1194-407B-956C-ABCB1CA7F03D,2
C44C43F2-D7FF-4054-8D57-A20D9C873954,2
A243B3E6-B6CF-49CE-B9CD-95B34AF61D22,2
A2A73BB7-5A43-44CD-9920-0D02A530F3E5,2
C65B4684-515D-468E-9F0F-C9A3F8CD7480,2
C1576B58-A4CC-446C-BC4D-1A15D29AB988,2
76938796-DEAE-49F2-B760-35CFE9CBF0B7,2
9487244F-B6AD-434A-B5D9-D2B1AF5517E3,2
6EBC92AA-23CE-4073-A776-3D9B0B63DCE2,2
6EB766C7-CF7E-47FD-8F42-2F6211709069,2
CC672EBB-6FAB-4E82-98EE-787ABE03C831,2
CC9326F4-0B1E-4B34-8A03-CA18CCC5E9D0,2
9520F1C3-20BB-40D4-BB1C-64BA14A7BF2D,2
B2F82B22-3188-4D4A-9387-199B19967A9F,2
B654C747-771F-4A31-AF29-E5CF4B6E4505,2
C3BF9C4F-1D15-4FA6-B19A-5CFE3DF475A2,2
9FF99875-5B49-47F2-B6A8-E4AC2B3ED926,2
C66F2DD1-5FF4-42DC-B0E3-0DEFF81A46E2,2
B12D7FDD-9F42-4FD3-B400-FF83FA8E479D,2
B256D8C0-5FEB-4E94-9C3F-88445D735955,2
999F45D4-580F-445B-96AC-C2E101564649,2
B1DF8919-E44B-4678-AB29-00B6FF7785A5,2
B1815F85-CAE9-4287-B478-41EE9D4C1924,2
A0DB25AA-0272-4BCA-B6EE-BBE93531B41D,2
81E455DE-3436-49A5-B2A8-B6ABDCB8D837,2
81E8CFD3-04DF-4DC7-9DC7-26C756B53F18,2
6E0A485B-B100-43BF-8F00-168D95857E53,2
B8532B27-429C-4EF5-9C0F-EE0D9591B94C,2
C19345E8-5892-4D0C-9F92-3286042871AB,2
7DF23255-91A6-4CC1-AEFB-0A72F064B9F5,2
D8AC8DDB-AA4D-4FC8-ACE6-F6D713B64C3D,2
42194FFD-CD1D-4108-92D9-75CD034D8F86,2
F4215330-13F4-4808-AA68-E264189308EA,2
E1F716EA-9421-4572-9D74-D16D83BD3A8D,2
F44DF2BB-E1D9-46F2-9A63-A930A0568F2B,2
E1A649C4-E9CF-4190-AF46-29D291BD4351,2
41CA005B-F092-4B60-9CA1-B5160AF9CED4,2
17C73C17-B084-44B6-B454-7416B4792EF3,2
41FB4D48-B392-4357-B1FE-091877D21EA2,2
422C88E0-F97A-402F-9729-DB4424AD3A60,2
3F774323-0469-4DDF-82AD-CFFC512C6285,2
423E0826-89EC-4E62-AE3F-581630DA14D4,2
4268EECF-DE93-457D-99E8-A50B3EFCC0DA,2
E14D98AA-CD8D-4B91-9BD1-BCCA368CCF03,2
42F8B874-DEDA-403E-B4A8-FE5170881E68,2
1761CEAF-CB23-4E4C-AA8B-A483CDF6F44D,2
430FD254-F017-4892-B3BF-94B203922D8E,2
4328C073-7DAF-4A6C-B262-6928204458B1,2
4054EAF4-5CE3-4E43-B174-0CC348997AC1,2
3F41B6F4-DAAD-492C-A34D-704D3C890B9D,2
F4E15AE2-BFA2-4F54-9239-E4BD06B8588F,2
3B9820FD-AF90-40AD-B0DC-FDD25F5F8486,2
F2D8F99C-0D50-44E7-A418-BD6694CAF9B7,2
E3DE642A-967E-4C6B-9745-E7D015FEF0A2,2
3AE0AE2B-012E-43C2-857B-973C02C1B720,2
1B9F6F30-BEEC-4C65-BAB7-78F6632A3AA3,2
E3A8080D-02BB-4305-A447-68ACB57B2BCA,2
1B249EE0-54FB-4D4C-8213-F2BE0802BE7C,2
F3419C68-7EF4-4CFB-A7D6-46C55DB4AE01,2
3BBA91C4-2CEF-4116-AD3F-7CC1C1D2D1EF,2
19678DF2-088D-4FF4-9640-864D603101C9,2
1A4F364A-A660-4ED7-A29F-AE45BDF1A36B,2
3C1AA271-05AE-4819-8A0F-DEC66E59068F,2
F3B22AB5-BA7F-4176-B955-AA7D184636EE,2
3C8F888D-22B2-4978-9A45-EF11F0240980,2
3D2E4073-2761-4CF1-B30D-4AAF9B73B04E,2
3D5C01AC-0BCC-4A7A-8ABB-F92AF356CD3C,2
19D2C835-790B-4DAA-BAD5-53200815B394,2
16D9E25D-44A7-4E78-B4CA-73506DEDD92D,2
E1192235-F43F-4119-8ED0-5BFEAA8E292C,2
F2D4616D-E7DA-4ABD-8722-CC42124F82CB,2
497AD915-E2D6-4E0F-A88D-8C3E214CF863,2
4867950E-A5C2-4171-B460-6CD36626A262,2
487BF541-A257-44DB-9483-5047B07A7B38,2
48E6A342-1CD3-45B5-898D-FD07A5791B23,2
F773BE34-DB7E-4DD5-9B8C-EB9CA3207054,2
DEBD10F2-01B1-4986-A5D4-27A547EC18AC,2
DE4AB5E0-82DC-4562-B9BB-82D5F1F90DDE,2
DE48007C-ABDF-43E5-AC5E-35C4B5753B33,2
F7EA56E4-CAF7-4B84-BCC3-7BC80E195538,2
DF56A33A-0394-4599-A7FC-A40D1EA70110,2
10D6D5BE-85B5-4005-8C9B-96B2C0089414,2
4A4689BA-793F-4550-803F-B0C995038F8E,2
4A662E04-CD08-484F-AD80-BF916ADB2A39,2
F7FDA207-785A-422C-AA1E-A20552C3E24B,2
1039F264-C039-470E-8406-6BEC2796FDE1,2
4B46B5F8-91CE-4674-BE89-F999602846FC,2
F8201397-E780-441E-95AC-0148136299E6,2
48368A14-A605-44D8-8706-00437999F292,2
4759EEB6-74DF-43C9-9045-62CC1462C282,2
E0C0073C-1B5B-492A-95DA-428CAB92C634,2
F544B61C-BDBD-4491-94BA-2B19B45B4A23,2
E0BF50A0-853D-4F24-B5AB-76926BA8B6AB,2
156D961B-48A1-4E5A-9A4C-2A2139C32B0B,2
14EF5E01-4DBA-43FB-951B-FB9D39B78973,2
14B86238-52AC-4BCD-A3B4-3B20B17270C3,2
4557EFC5-5C83-4AC8-950F-A2D799A5A361,2
E074E0FE-4CCB-4AB2-AB08-008FD1F63DAC,2
14B183BA-BE49-4E12-99A3-AE7EB6D8DFCB,2
461244CD-E991-44D9-A2F7-318530121EC1,2
DFB2B463-8BD9-4769-8199-668345572B7D,2
F5F1BB44-BF1D-4AAB-85AE-2E75AF007811,2
13AFF8BA-5E7B-4473-9096-ED3F7CF52B3B,2
F690CDD6-EA64-4517-B067-2B6561B610AA,2
464D981C-E005-4A0C-9EFF-18D3F03D8CD3,2
28A83357-7A03-43A8-A397-1DF9F6782CBB,2
4691F9D3-5B63-4933-869A-D2AE94F2578E,2
46948B0B-0FAF-40F1-A3F5-F0228B3884DB,2
3A42D0ED-9A8F-4D29-A1D6-68A5965A948B,2
39DDCB99-3651-4B2D-9450-175D10C5DEDD,2
4C65CC65-679E-4CC6-BA5D-32B3C2C8F2A2,2
306DBCE5-68E6-4D3E-8912-78D0AC0653C0,2
2D0F82D5-F19E-4EA8-A0C7-C7F120102A69,2
2D53F5AB-1256-4813-BF74-4AFDE1870B96,2
2D7AA248-173B-470F-8ADB-7F2309CC3F29,2
2FC2AC42-7D0A-45F8-B352-8F9D93021D19,2
EDD26912-2F97-4CC6-9946-2D695768FE0F,2
306C3F46-4ADA-422E-8BD0-32B5AF93A13A,2
2667AA5A-0D2C-45B7-A0C0-D592DBD87D15,2
30D6C1BC-B4EA-4CF9-A171-CB8707DA4883,2
EAD69D6C-4A04-4567-8945-986175413495,2
264D3335-602A-42E2-8BFD-CC8B5B564070,2
30D9A7B3-57F0-41F5-AA69-93D57C9F9493,2
E99777E4-9DE5-4252-810A-110A13C7FA8E,2
31CEDEEB-E7E6-47CC-8FF6-93F6F340AAF3,2
32240E45-0BDE-4BEB-A422-4DBC07AE912D,2
32CE70A0-638E-41E7-B46E-BCFBAA642949,2
32E52219-49D6-46B0-BE4F-4CCE31AC89D7,2
2CADADAD-844C-4110-82A4-D5497A6B85A0,2
EB4118EE-7395-4BE1-9EFE-80B2962FB869,2
336317DC-3CFD-46F9-AF1B-93D80A171F12,2
EBE8271E-2A98-46EA-8FE9-29B15FBC6E48,2
EC544900-9E1D-4874-8FD4-76D7C2DED249,2
2921A6D1-1B34-4E84-B14E-4ADC70614334,2
29CB1681-5F41-44ED-AC98-037EEA5991C1,2
29CCDF00-D638-416F-B999-F206C8972650,2
29FC3E0F-1E82-4301-8F12-F68E9F553499,2
2A511C03-B5F4-4193-9106-37F35E338F3A,2
EC7A2FC6-2A3C-43F4-8881-0CC0BFE3B0A6,2
282B6CC0-AE8F-4CD8-B9A5-076F03E93760,2
2C17CDD9-4974-4BCB-9B9A-63E6F290EE5F,2
EBE6F4FC-967E-4E29-9E61-A6076895BE04,2
2B41F276-9F9A-4B8A-B630-BE6C8D9A50F8,2
27F78A76-6D80-4DCE-B017-8B38D31345DE,2
27ABF2C6-D014-44B4-9967-0CEECE221040,2
2772C427-01D4-431F-9E16-1E830CAA71C8,2
2BA8DC9A-4016-4C83-A0AE-B13A40EDC54F,2
EB473834-62C7-45B3-97B4-E8519D20C615,2
E886CC98-FF24-4C06-98CE-E18C0B50362E,2
25A4365A-D967-4935-BB33-3F0AC0825786,2
E40511E1-50D3-4DE1-A669-980AA5B458CF,2
E52D9C99-A150-4AD8-9EAB-CF3755AE493B,2
F08967DC-9DC7-40D8-8CC3-B9DF17E0A384,2
E687B953-614E-4FAA-BF68-6692A1038016,2
36D093FE-EA59-4DCD-B5F5-9BAEEAD14575,2
20508200-510D-47E7-A66F-5164D2707579,2
36DF7440-DE51-41B8-9A55-A5B84CF847D9,2
1FFD79A0-0681-4141-A504-FDE130EF7F33,2
1FB1EF85-3173-4418-B47E-F11488422516,2
37637C0F-9976-4045-8B99-866BAE1BC7F7,2
213F44B5-9749-4C71-9908-9A6D0DEF1295,2
1EBF7EFD-07D6-4A7C-B377-ABC305E8B8D9,2
1CF275E2-F613-44AA-81BA-F3414C08D1D8,2
1CE2B005-C2DF-4291-A47E-D1C026893C6D,2
F203A1BA-9A7A-46B0-A8CA-78391759727F,2
1C45C370-8170-45E8-8FCE-045128A8137D,2
392BB49E-1FD6-4E64-864F-2D30C29EEF98,2
39989FD8-8351-47E4-A230-01F638D4D012,2
3615AC15-24DA-44D7-9212-4CF78B2E1D39,2
35CFB437-80A9-4162-9D79-44EFE2D9A726,2
33F469B7-3EDB-40CB-9727-D57D9198BC9A,2
3471E591-4CE8-498E-8B08-AF71FE75479B,2
EED605BA-1BE8-4D28-999F-5EFA4A95A268,2
33F8C102-8A14-49D3-8927-C44B1E9FC568,2
251EF468-7623-4BF2-A1D8-1119CD402669,2
33FCF120-94EE-4877-98AE-0184413E1D4A,2
34073474-051D-4E58-B45F-AA0957602025,2
25108A67-438F-4112-BA29-5EBD6B734922,2
24F27B53-E8F7-49FE-B863-DF6C9612E233,2
243DD3F5-7BA4-440B-BA9A-44D06A8A158A,2
221E68A1-2DF4-4B4F-8E42-1C8569E2419A,2
641DCB26-9511-4E33-ABD7-85E2F24B9698,2
3497C160-E188-45B2-9AA0-72DA0E6FFEC5,2
2361F05D-8064-409F-A75E-36DC0847B63B,2
F03CDF8C-5A29-4C48-B39C-C0015E131BD5,2
3529D826-F6BE-416A-8B71-2743123284D3,2
E7B0395A-BE02-4637-92E0-F9427FA7CCFC,2
222804DA-66A3-4EE2-8AF5-B641EB79AAB0,2
4C42AB92-B750-41C5-A97F-4C8AE361EFE7,2
4677D58C-610B-4E31-9990-7C4D589134DD,2
083C60DB-68D2-4D6E-B1ED-4EE98E084E30,2
FB90F924-0C56-422C-A6C8-30A4B7919CC0,2
D7E9C1F0-D945-4C6E-A909-C32B3F6AAF99,2
FF191917-E5F3-498D-8524-78B26CC4677D,2
09A51491-DE52-4C82-ABE6-AE84E2AD0DBB,2
606A7071-2990-4ABE-9B03-10CAD314B011,2
D831A1C6-3B74-45B8-9BA5-E17D177C59BD,2
D8AD4A9B-2634-4138-BCFC-61E670D22470,2
5760B248-DF81-42EA-95AD-AECFDD9F8D89,2
D8EF4BA9-40B9-4F79-99C7-3D1C9F7638DF,2
D92A90D7-FDC3-4893-900B-FAEBB8FDD8BA,2
560FC346-8AFB-469C-BFB9-EA7139CA00B3,2
D9D643AA-B70C-4DFC-B3FB-7316A2150168,2
54BCEF49-2604-487C-BCA8-B2DCA12C3EB6,2
02FC62E1-A8DF-4F8D-8684-AEBA95DB5230,2
547598D4-6614-4937-9047-87E11C298BE8,2
547506FD-37CC-4F4E-B4CB-ED622242A07A,2
60E256F6-C34F-4988-9E25-24D017CB8931,2
5386084A-9ED1-4A82-97B8-8F46F0A7BD57,2
0A1D4819-90E2-46C5-ABBA-66C88A878DF6,2
536F3BE2-3643-4893-9C63-18E5969F363B,2
61286EEC-432C-48AD-8F36-00B5C90FBF08,2
0A79DA5D-908F-47C6-AA80-7DE448FCF01F,2
0A9C13AF-6CE4-4226-B630-CFBA2C4D32F1,2
0AA083CD-4CF9-4F31-9ADB-3B0E4A40C4DA,2
52818C77-4685-4862-8524-ECA0EA07CC3D,2
0ABAF971-14B5-4C06-8295-F7855B4C9267,2
FB833B5F-F8D4-4D5B-A83C-DEBA96E317E7,2
FBABE2A8-0DDE-4AAA-A113-AF282BB888B1,2
DACFFDB4-A35F-4114-BCEF-7D90964BA80C,2
59031008-A7FB-43DD-9274-504BD6411797,2
5D25DA14-AC75-4730-9428-76DBA8BD68FD,2
D5C6B424-D32D-4C11-9E7A-FC156CDC3A21,2
5D9BDBDF-E33A-4CEA-851D-170139511C17,2
5DF36FAC-DA04-4E0D-9A81-7171429CE765,2
05450FF1-ACC2-4173-A54A-5E5F104BDC7C,2
FD4F4B3D-BE42-485B-ACD7-71DFC73B7A78,2
5BD3DA82-FF39-44CB-894E-327A94572CDF,2
077B3454-5914-422B-8120-AD91E267B704,2
5E0E42B3-34B1-43D4-AD22-CA5D8C460F83,2
5BCAC10D-BB2C-4B05-A44E-030ED6AFB75C,2
5B9A988F-8466-41BB-A5F6-500F80A4B3C9,2
D68DCA95-BD43-4555-AC5A-F62155116922,2
5EFBAFF2-43B3-473B-97F6-D78D1F055226,2
D4577DE3-4212-4662-9F4A-C0EDEC0A1500,2
050B9878-C33B-4B88-BE15-CD9B9BEB05C3,2
0828AF62-8774-4944-86F8-A9F364183A50,2
0501ED42-8914-45AD-8BE1-941F808B3516,2
0859F000-E22B-445C-B23E-0D66D2F88ED9,2
5FB7B021-490B-43EE-9031-7D109A527024,2
04200D6C-9765-42FD-A072-38DAC4244028,2
D7395893-00A2-438A-8423-674DDC4AEF22,2
FF04A1E0-C54B-4B74-8C07-D74F591EC98F,2
D7595489-4DB9-4C6F-A1D8-3AD9D4CBE4E7,2
5FEDA8ED-DCA6-4AB8-B0B3-EA567A2637BD,2
5913B72C-CE0E-4037-A6A0-756E7E01AAC0,2
0B08D54F-31C5-44C2-A5E5-30BDABDC0F18,2
538B7901-4822-4E85-9420-FE965DAF77DB,2
0154872D-9237-444D-A0C5-D89105F335A5,2
D255064A-DBE3-4007-9B9E-2023E6CC3CD8,2
016FF124-4728-46AD-B334-F8255F9CDDBA,2
4D3B45F0-33D5-47E1-8047-605D88169A9B,2
DD07B141-55DB-4956-8F36-F6928D125EDD,2
4F35DBAE-2260-46E5-8279-7BEA5A328FC8,2
FA1E6758-5CF5-410A-876D-7B9B806A4AB1,2
6212EF08-C9ED-4322-B0D3-9997F5A6CD1F,2
00ECDD3F-DE95-4E2C-85C6-A73578A9256E,2
DC5DFA31-878B-4E3F-B925-CB91E1D99947,2
D262DBC8-5937-4AF8-BAF7-21D5694F735E,2
D1A7BD45-4FD5-447B-86D3-0071BE9DB4AC,2
D1E5CC8B-6A3D-41BE-80F2-4319727287D3,2
0F0CCB6A-9E13-4157-BD3A-34C212828F25,2
F99A9B4B-CB30-424B-8584-46AB9B1CD166,2
6333DA1B-AA36-4542-B0AC-8E7C23016863,2
014A05AA-57A2-4C89-9868-7189215B7B94,2
4DEA9A9D-E8D8-4894-A18E-43D4479B87D2,2
4DA2A120-9BC7-475D-88E8-C97B96E9BC7B,2
4DE64732-A8F3-4C96-BB5C-5DD970F4109D,2
0EA12919-E11B-40DD-BD76-A81A1F0C9440,2
4DE32DCB-C7D1-4B7D-A842-08CC1259EDB8,2
63174504-97C2-4FE9-886F-CE593056CFC3,2
0131E012-F028-4F23-889E-587792EF1723,2
004F5937-1EDA-4439-97F2-8AB10B1021FB,2
010E928F-B356-4317-84FB-CDEF439A5FAD,2
DBA842EF-BE62-4B70-90A0-4C0AA8171851,2
4C759787-8657-48A8-A27C-742216C5456F,2
50E3F688-DA31-49FF-8B55-1520B89CBD37,2
023EA6D6-222A-43BC-B589-AE075A269D35,2
FB34B5A7-778F-4C8C-86D7-E81C2954B91E,2
FAE92FE6-6CB9-4EDF-9527-BB3BDA66ACFD,2
641DBDAD-73BF-4D9C-9945-FB0369AF18DF,2
61714F3D-BE5F-4187-97EB-2D2C01496E80,2
4C9C2558-CCEE-4290-BAEF-48B3533BCDC5,2
020134E7-E8DB-4A30-A177-9DB11BCAB597,2
017CFF1C-2D1C-4548-BFCE-387CAC6E0144,2
4CDA4AF4-1AA7-42A7-B8C9-483952CB5E79,2
63AD351F-8BF1-4F33-8F51-15B523460D47,2
0B9A5195-FD83-4A27-BC53-3DB16504CDD5,2
FE90AA26-9DBD-425E-AD60-7A70A37D6718,1
EF7495A9-B9E3-44A9-973E-FF3CB9C0D10D,1
B706A01B-1D74-4CDC-8C1E-FDB652C80EA0,1
EF9FC8EE-089D-406D-89BB-DD3717FC90E4,1
EF904DB6-0838-427D-A513-EBFD09816648,1
FF0305F0-D2A7-48B2-BEDC-ED6E80B0272E,1
F0529F98-B99C-4034-A4A0-904FEA163DCD,1
FF9E119F-0408-4E7C-821E-2A38B246C495,1
B7E54DBF-302C-4CBB-A4E4-1449767854B2,1
BA0FD5A3-02FB-4D31-812E-937E73F9152A,1
EC5A523A-8C92-4C22-9C9F-6CDB9E9F5769,1
BA21117A-B90C-4487-A5B0-3DA7C679D492,1
BA1AD19D-1A4E-4D94-8BCB-9639385CD912,1
EF6527D3-32DF-45CA-A23E-4412E2BD8A13,1
FEEF76C5-32DB-4EB4-B5E0-5009B0944F52,1
FEAE0D2A-DE55-4816-9E9F-880E45DCDF9C,1
EECB00E7-682C-4C91-B00B-0FFBBEC636C6,1
EF5E1344-CB3A-4B4E-9E85-B4A055ABE2BE,1
EDA483F9-E10A-4E9F-9BAE-590648DFF759,1
ADDE3750-CED3-4CA4-A303-BAD32A0C4A82,1
FF3F9F8B-8D23-41C5-8F9E-2F3BEBF66892,1
B8FF05C8-C8E4-4A5A-B9B6-286DDF0B57DF,1
B94C59E1-78B7-4BA9-A1EF-BAF71097929A,1
B8FC4BB1-3F8A-4AC2-9910-7E95F1A46762,1
ED6B3D3D-CB8C-4450-8648-F1A4E80CA9C4,1
FF71443F-2EF2-4B4E-B0DD-15A56F81689A,1
B8D9598A-187C-4EBA-B5C4-80034C3705A7,1
ED436DD4-48DE-4DCA-9F04-AEB693A93CBC,1
ED12213B-F59A-46F6-AE1A-F20804D6CB4B,1
B97DAFB7-5D41-4CD5-BA41-006DF06F8E15,1
FE2B03FC-C1E8-4FD6-A75D-ECF27353C498,1
FF67CEE4-F047-44AC-BD8E-B1A67E2AC34F,1
FF592210-E27D-4F90-8566-118519C869F8,1
B88C5D25-0175-4636-A1D4-ECB466369769,1
AD039FB0-26F3-42F6-A031-6EE5AB945046,1
ECF81483-494F-49C0-BA79-6EBA7EF83F0D,1
B80D3440-0B35-40AC-9CA3-27044F4C551F,1
FF33ECBD-2AA9-408A-B42B-3CD305BB4C79,1
AD8C50DD-9CDE-48E6-A841-0F88DB0D5B28,1
EE13D58F-0636-4FAE-936D-9B0F7F2F24D4,1
EE284D45-920A-4D2D-8515-E7F64DABC394,1
EE42FFC9-8DDF-4721-A950-2CED633B7864,1
EE4FC10E-23E4-4F1B-BD1D-C81C877A34B0,1
B99686A9-84CA-494B-86BE-956EDEA90418,1
EEAF1EA7-52C1-4CD0-99E6-55E540303603,1
B9A69F37-7483-477E-8D15-051CB66FDADD,1
AD8CF3B1-4CF3-4A74-A9BA-04D08881165A,1
B93E2117-2734-42E8-9AA0-56463F7FD29B,1
ECA12D24-40EF-4649-9DDC-DCB58CE3A236,1
B826080F-C3CB-4380-8C20-E48C8B02EAD1,1
ACE617BE-3E38-4485-9965-C2A062A22E3A,1
FE6311A5-17A2-4716-9D8D-8D7E4BCCAF6D,1
B27B212B-7516-48E1-B575-90D0966A0894,1
FE04466B-CD6C-40D6-9CE4-965EDDBE0A75,1
F6EB2B72-CBE8-401B-AC09-7DD1AE7C2F19,1
F6C6D8EE-8062-482D-8826-119457404CA1,1
FA473957-A6EE-4164-867C-CEF3FACBFF3C,1
FA5FF843-E3C4-4FCE-8CA7-8A3F1B483EF5,1
FAB90F73-B942-4189-A4D1-386ADB8E3573,1
B0E90CC9-D862-4D53-AFD8-9E812E144AB6,1
B418C287-AECB-4BDD-B2F2-E0FF29553D47,1
B0B43532-B9E0-48F7-A975-D195034EE06E,1
FAD6DF19-25E3-4F59-A2E2-872E45B01925,1
B067A0E4-BCF5-4D9E-9B47-969D0FA4EE3C,1
B440EAA1-1C7D-4AF6-A682-7C4859FFFA94,1
FAFA230E-349D-4862-9547-3C99289B0BC6,1
B03C26D7-629D-48AC-A375-2C0E2CB70A13,1
F522199E-BD67-4D2A-994B-56A0777A9A32,1
F50010C7-1ED1-42E1-B7C0-F1611D57E56C,1
B4654FE2-2F94-4602-A630-58E819959091,1
AFE9A5F7-B3F5-48AA-899A-E7CD5FE4A1BF,1
F4B8A8B0-69DA-476A-BA04-1800A87DAF6D,1
F45C171D-C62E-4F21-AD9A-6D6336F41A9C,1
AF9A1744-432C-44CC-A168-0F4C8E2DBF89,1
F9E9EDAF-5025-4FCE-A7C4-4B9CB2D3E7C9,1
F9D4B063-DBF6-479B-B5DB-EBAF134F55C7,1
B6FA7F3C-726E-4BB3-B81F-A7E22358634E,1
B40ABF2C-686D-4749-8D52-8C9F1CB45E14,1
F89A8807-3D85-4EE2-9A9D-AC58A8AF4AD3,1
B2AD55AC-1C78-4EDB-9DB3-2D6D36719B36,1
F913E8D3-9247-405C-8A9D-17CE1EBA6C82,1
B313BEA5-9100-4BD6-BFCB-99990CE3DA22,1
B1F0EBA2-D20E-457D-8A14-75719F052123,1
F916B065-A2FD-472E-A919-E4790160A6D3,1
F79C4700-36E9-45D1-9DC0-51C1904430A0,1
F799D730-5009-4C42-BA92-37BBCE88EB5A,1
B35D1439-72E7-4E34-BA09-39FBFB8FDBFB,1
F93AB51C-7343-4D8B-A25D-4579051E2890,1
B1CDD839-FF89-4EBA-8F72-453446B6FE49,1
B3EADF9E-25FD-4F39-BF7B-FF34BE006974,1
B1BCD3E5-0FB9-40B9-9AC8-46361AA7471F,1
B3F8E8FB-374D-439C-8EC1-01C9B140F7DF,1
B404C885-C393-4AAC-8F4B-8304DAF790DA,1
F766798C-C03F-4546-B715-7AC05C12738E,1
F94E97C4-D150-4E0C-9C24-495ED28B813F,1
F6FA2F3A-ADB7-4A22-B7C2-B821F3E237AA,1
F6ED1986-82DE-4527-90DB-3497C0C8739C,1
FB36AE6A-423C-4616-BD60-F3DB11B29C57,1
FB46821F-3C0B-485C-AF4B-3736A3C24CF9,1
AF86387E-5E8D-4C98-BDB9-10D0EF8C6D36,1
B54BEE1F-9AA3-4A94-91CF-6F32078BCD3D,1
B5C47853-3F22-4781-A31C-942279111626,1
F202BB90-67D6-439A-921A-28EB9497B191,1
F1E8EBA0-FCD6-4F2E-807A-5F4B44C18DB4,1
F1AEDFDC-82C6-4623-9593-D806A4E884BE,1
F1AB105E-15DD-410F-ADC6-34AC1C96469A,1
AE3AA2FB-B940-4880-8AC3-4115BB5F080C,1
F17A0E09-E94E-42A2-9CEB-B11E604BD6F8,1
F1552483-3483-42CD-8D3E-04D69C9323D5,1
FD2BB9BE-3229-4639-BC51-872026D36250,1
F11DDAC0-B812-4E10-8C79-86618BCFB2FB,1
B669FFF0-F159-4AD8-8D06-4BEC5D02A124,1
F0C02302-C493-4C1B-9F7E-066FA95CF704,1
FD514F61-F9F7-4448-9961-1D089777FABD,1
FD7014EF-D72F-410D-9473-14DAEEF9B811,1
AE1B4868-778A-4C6F-8DBF-F337B843F002,1
AE1274F7-E22A-45BD-BA63-91189F0ED6D1,1
F0742A00-76F9-4070-9B1B-1E88383768AD,1
FDC2B8FB-2F53-42C2-948E-A6EB725590C9,1
F06FBC0F-5CED-4E07-AE76-BC7D52325FEE,1
F8D051A9-FC6E-4F57-8464-0D51EDE2BEE9,1
AE7EA01F-0FBC-454A-9BBC-762E455AC90B,1
F29D5F4E-1736-474D-9BE2-0C4D62312338,1
FB6C4A3C-1DB7-47D0-936D-4D47006A9051,1
F42EABB0-2AD9-44A4-9DFC-E1797104450E,1
B55CB73A-CEBB-4469-B052-B3761199AE0B,1
AF7684D4-B021-4B17-A4EC-D86B8CE1F235,1
F41A6251-8076-401B-B021-3915235A5575,1
FB5600D6-3C2E-4E2F-920D-B89C06E07F9A,1
F4105BE4-4921-4BD6-A0DF-1A04D37DBD67,1
B5758C28-8F8B-4F8E-9C8B-7AF1C064A4A0,1
F3C86329-41E3-47F4-9412-C7A702D4B304,1
B59B288E-92A8-418A-81F6-5D91DE26D3F7,1
FC7A7E49-AE90-427A-80DC-D06DC0BB876B,1
F3818F49-F230-48DC-B571-982D23B6266A,1
FB7CEFF3-DD80-45B4-9CB8-CAA0A46B68C5,1
F34466D4-101A-4A1D-B596-31152FCC2FF4,1
FBD43890-08B8-4CE0-A3BC-DABB620D95BB,1
AEA8E3E0-6ED9-4E6F-9226-AEC179A250DC,1
FC46EA77-8BDD-4716-A283-35B346F3C553,1
FC483303-94A8-4A5B-96F8-B4F9819337C5,1
FC5E8492-BA63-4CC6-A52B-47ED44AF3103,1
BA294771-24CB-47A2-A57E-DC4CCB34ED8E,1
D162A102-AA77-4D42-83D8-7A83844243A5,1
EC58F7B5-0431-4788-A8A5-10A00E74CB4A,1
DF84585D-6BA0-4B18-B355-B925EF77DD55,1
DC46D245-7279-4EC8-8945-E809C0F14181,1
DC3E968D-06C2-4F03-9987-D58301F99BC6,1
DC0D2608-5663-49ED-8DA3-F282874D8914,1
CA83E080-E975-4FE6-AB59-F40EEF323639,1
DC079B78-411B-4C7E-9A6E-F74E90BB3E8B,1
DBDC1CCD-262F-4853-9980-F5485BC55149,1
DBC43164-53A8-4AF5-A9B0-7E4C737A80D6,1
DBC30AD3-77DB-4965-A945-F9CE3F334CD6,1
DBC0DAF9-A09C-4556-B145-6B95F3E686E0,1
CB014078-4853-42BB-B9D0-D5126D030EEC,1
DB68C0D5-DA4E-45FF-9A80-6F19C54C64EA,1
DB50B205-2D36-4AD0-958A-616FEDA5458E,1
CB8D8CC3-4C12-41DE-B5E1-C13656BB68BB,1
DB2BE753-4A0C-4F5F-84F8-73FE99F9E05B,1
DAECA10D-0993-488B-A15B-F062464CA324,1
DAA42A82-B6B3-4FC7-85DF-611F83B987C1,1
DA9A0F45-A4C0-4EF6-BF6F-5BF0521EB8C1,1
DA98D2A8-0278-46B8-8BB7-A6D4C8745B5D,1
DA973E33-926E-40AD-B871-ED0C45A7237B,1
CC2CA7BA-3638-4B6B-92BB-5C4336296414,1
DA7BCF20-6940-4E17-A84A-4B6900DC6029,1
DA78ACB5-9A2A-4125-B571-650E8671C3D4,1
CC772E5B-B044-48EE-9357-F5716319BC8B,1
DA713A25-460E-406F-842A-A5C1242EDA6B,1
DA10C2A9-4E92-4E2F-A2A5-C3804073AFFA,1
D9FFAE39-891D-4361-ABFF-B9D9BA6F52DD,1
D97B4909-9AD2-4885-A35F-6978F2F0287F,1
DC80D20C-F19A-458D-A135-85937FFE31AE,1
C9D7D6E6-9DE8-4318-AD04-47358FD22769,1
C9C70602-62CF-4FCC-8F40-B1D03EB72CD6,1
C705D40B-F808-4972-9A82-5F7E205AAD91,1
DF2D6A90-2711-4CAF-A44C-2F21A67EFB0C,1
C5EA052E-91B5-4408-ACD8-63E2FBE255D4,1
C6445328-800D-4C77-B3D7-AA710D5F0581,1
DECF5C2C-1400-44A9-ABDA-FAF76CD053C9,1
C647AF45-D059-42E2-82BF-4121B836225D,1
DEB21F66-4AE9-4813-8C7B-1619018B2838,1
DE391312-7F8F-4EF7-851F-22D88D5D2338,1
DE0CEBB6-9C5F-4FEC-8714-B13526DCB21B,1
DE0714C7-25C5-4BB3-8DF5-16EC41300455,1
C6CF79D8-D46E-4B3B-B851-DE633A588E29,1
DDCC8517-832C-4A03-BA85-5D5E95A0388B,1
DDC45937-7F3C-470D-B624-E13D6DA0EBB5,1
C748A973-D3DE-4CEE-9A1B-CC182C4F5CE2,1
C98A2D7F-8534-48C2-B91F-841B8DC58E9C,1
C78BA7D6-F183-4629-B0B9-3EA9C0619E9F,1
DD81ABA3-2CCB-445D-8A34-F11B75899E41,1
C78CD66D-B189-40F1-8C05-89A6DBE574E8,1
C79C009D-0329-4FBA-89BB-438534D15DEC,1
DD7853D6-0095-41C3-8AD1-906BE2A67F31,1
DD285157-FD32-4A46-BB86-10E063114491,1
C82EC729-578B-4E07-B2E2-82298CB31954,1
C86BA22F-5AB2-4AD8-9696-AA010850A526,1
C873E474-E8BE-4A29-ABFE-B99EA58485C9,1
DCC2649B-403C-4B01-8D2E-26BA57597D84,1
C8E8939F-CC4E-47FF-A610-3ABD0746DF55,1
C97C2A11-E42E-4C21-9E22-3C100038E54F,1
CCC45068-9CEC-4A6B-9630-1E57DD15EE67,1
D81D5B33-675C-41C2-9522-7350E7854D68,1
CD1C861D-C8DC-4FA0-8AE5-4609C2272DB9,1
CFF995D8-1305-4B08-937B-664E71473B58,1
CEBB09C5-E536-495D-8E7D-2DEE915D1A91,1
CF0D1485-F7F6-4787-9544-4E5F0ED6F28B,1
CF15E599-1AB5-44F9-837C-E05E36CDB48D,1
D3A55311-4CAF-49C1-A47B-11376F66FE6F,1
D39104CA-5AC9-4E77-A6DB-06864A70A8D5,1
CF1CDBF6-630D-435A-A960-BD2B19C5DC82,1
CF383FCF-367A-4A36-9E52-A4BD276E5C06,1
D35D417F-8BC0-470D-B5CC-6FFAC638086F,1
CF694066-6C99-4A37-964A-5D83841584DE,1
CFD83F16-C69E-44F0-99F4-0FF4E6315280,1
D34A6EA3-7699-41D7-B8F1-CD104163325D,1
D3045255-D9B6-4FA3-81BA-A66C98EF4E34,1
CFFFD315-16C7-44C8-BFAF-A729E9F7CDC5,1
CEB448AB-8561-4877-99AF-E799B501E88E,1
D03D01FA-0BA2-45AB-9D93-22ADD7C28E90,1
D05A2016-26DC-4BCD-B748-CBCD2C35010D,1
D2A4EF2D-7A47-4238-82D6-08D82CC05B1A,1
D0748189-B35A-4813-8AE2-7AD23E620CB3,1
D08AECF8-62A3-40AE-8291-8F4405CE46FB,1
D1BFEFB5-47CA-4220-A03B-60BB6D0380B7,1
D0ECC971-1AEC-4225-BF85-E67F32AC4CC0,1
D108ED43-75D4-4F4A-B5A7-2BEC10749AAF,1
D1B9F123-1E21-4A64-8269-676D67E7FA3B,1
D1A48781-B4E4-4B36-B3E5-B6DC072103FD,1
D11804EE-15D9-42B5-A0F5-154DA22C1B71,1
D17D05F9-E6BC-448A-95E4-6ED794AEA807,1
D3E88892-5E6A-4CD6-82DE-9226AE7E5563,1
CE919367-F4D2-4E0F-89A2-F8835A7E02A6,1
CD20DB62-899B-4FC0-9E6F-E976343392CB,1
D6C42031-A54A-4907-AAB5-DF91805A7025,1
D7C7CAAF-06D2-45BE-BE1E-807A393185DE,1
D7B67882-4DCE-4E5B-9203-798AFD65319F,1
D7953955-81B1-4909-9253-871E7430067F,1
CD2A21C5-055E-4FDF-9580-945600D6E5EE,1
D755320B-897A-4664-984C-1480D6978A96,1
D73B07E9-2D0F-49B5-BF77-865A40D68FD5,1
D7374529-8DBD-4C60-B478-F6AD6FD67966,1
D72B469D-9BB2-4D4B-AC80-8877EBBC2CEA,1
CD4A9B86-FE98-42AD-9D13-658067CFDB45,1
CD6BF751-E57C-4B7B-92F6-EB9404D6800A,1
D6F86560-AC3C-46F6-8887-102EA8D73791,1
D6DEEBA9-18C9-440E-A7B7-EE35DB313908,1
D67A71A5-E5F8-4BAF-8074-7FF875626563,1
CE70B730-D022-47FF-B9C1-40BBFF20F918,1
D663582C-D08D-4A0C-A6DA-CC315CEBFDD8,1
D627054E-D9CF-4453-993A-4DD66D9057E2,1
D603EFB8-8C19-43B1-ACC8-831B4D0AF657,1
D5AC4D3B-2347-4CBA-ACAA-9B9C4E8466DD,1
D5516373-AD12-45C5-B614-1C68C73FF867,1
CDA250AC-C925-401A-9B79-4355CB1F0B98,1
CDBDBB45-65F6-4B60-9D6A-42C216BB7369,1
CDEFAB14-E1BE-47FE-A386-93033619AFA8,1
D54A25BF-4ECC-4EA0-BAC8-5E8BACA3D348,1
D53B0EE7-BAEB-40AA-BA00-52F7F0312BCF,1
D533797A-4199-402B-8282-01219854E8E7,1
CDFB5D62-A85D-40AB-9668-FFE60C50604E,1
DF6CFEE5-BD83-4126-B1C4-AFDD34F4A10B,1
DF984CC8-847C-408A-B737-E6ED61B1395D,1
EC563B77-F8C7-4443-A47B-A68AA35B9A6C,1
C5DA5D0E-0566-4230-93CF-2C48FEC10E5C,1
BD5490FE-FA09-4E18-954A-3400D55E946E,1
BD72CEBD-20A6-4E8D-9F26-D63A70F67A4D,1
BE4E9B14-6266-410E-950B-80ACAD00E7D9,1
BEE0162F-8142-45C6-AC1A-57EF0076D995,1
E8629A89-CAB8-4553-971F-2293E98A30EA,1
E85479DF-E6BD-4235-B5EB-CD89FAEDEADE,1
BF2CCE8D-8DD1-4823-9231-8A637D30FDDC,1
E807712E-9D65-4411-A67E-4B25CDD9067B,1
BF60076A-EF9D-490A-8315-E325CA43C39E,1
BF8E52A7-F2EB-4932-B6E6-9B7FCA2D047B,1
BF9517F2-9B69-40E3-BDE2-9E497D90E574,1
BFC736A0-6CD0-42EA-855C-FFF11521003D,1
C002737A-78AC-48AE-9E84-7DD131A87771,1
E7E76F52-1798-4B44-80A3-BB4FE9FE268D,1
E7D29686-C3D9-4B74-BA57-EE760EAC9E08,1
C02A0294-8267-4C18-AA4D-6186D308971D,1
C02BEF72-28F8-44FE-80B1-2A4771D06A30,1
E7C86917-1709-410C-B3A6-4A3C56F9B32D,1
C03FF3F9-2DAE-4385-ADC2-0A53C6CA4C65,1
C04EA393-5137-4DC1-850C-4C2BD8251E91,1
C0530AC3-EE9C-40E7-B664-C6EFF9A71610,1
C0688983-1A80-4D13-9332-6F42DDB0A4BF,1
E78FB500-871D-476A-BE45-5DD5C73EC615,1
E7410EF7-9051-4F95-8981-1D02ED062618,1
E7265890-DFAA-4CF4-8181-48515950E2FA,1
E7124E93-B7F9-40C1-8A00-6ECA7FBE1808,1
E6AEA4D2-CAF2-4398-BDC5-547EE3B40626,1
E8E1D7CB-3213-4C88-A7FC-B42661467E88,1
E8FCFE29-5AF3-44A6-81AC-CAAB1C6691F3,1
BCFD4E60-AB01-4F6F-AE6B-74CFBE462C17,1
BBE8A494-4672-4520-A480-0DF4A965958B,1
BA48E51E-3048-485C-B2AD-BD70B6BE1D24,1
BA69457E-2599-4C19-AE2C-2A2531783CF0,1
EC3EA414-946F-47B4-8129-DE76D17463A5,1
EC3CECC8-A2A9-4668-9086-7BFFD6D996B1,1
BAB79EDD-7863-4741-AE51-143B974EB87A,1
BAC22A34-0A6A-408E-9521-8DB7682CC5EA,1
BAFD0B56-8502-4503-918E-A006E2140300,1
BB2CCB36-9D5A-4D3E-B8E1-91465B27B19B,1
BB49C5DF-7238-41BD-B974-89A09506C76A,1
EBCD8450-5CAF-4CE8-B3EF-DD045BBF0D31,1
EB918DA6-3AB3-4695-A670-788A42C0940C,1
BB9F1679-57FF-4A86-96E2-33D4519AE40E,1
EA932A62-0C9B-4458-B6EB-E30A999CCABA,1
BCF99C37-5779-4845-8C3E-5ECA8ADF45DD,1
BC4B8B47-4444-4829-9F30-9CD46148AF14,1
EA6AC68E-4ED8-4EE4-895F-672543CE0FA0,1
EA526B3C-CEDC-4601-A6B6-6EA063E48D03,1
EA16F4DE-1F2E-429C-91BD-8796BC37B90F,1
E9FA0F77-E777-48EF-B7D7-478915AEF704,1
E9F3C794-6725-4251-917F-B62420EDAF42,1
E9C7B257-76F5-41BA-9AC3-42A7CA341517,1
BC7A9F7F-F24B-46C8-9340-CE5F373FF4A5,1
E9B2E9A3-09E9-4FF2-B702-198689C93C4B,1
E9A593F1-4BE5-4530-AEA2-5D202D2E907C,1
BCDB7A11-BCC8-438D-8A28-F67D1BDC51EA,1
E99BB304-8265-4A7B-AAA2-F2798CF924FE,1
C07FBB86-6F0C-4C06-8E30-FAF650870D10,1
C0CDC8EF-4736-49DA-A85F-CC749D6B683E,1
E6410D6D-BA25-4E8B-A141-79AE35A35865,1
E12C23A8-C5E8-47BD-84EA-98137A61DB88,1
E2C060E0-EE94-49B8-9399-31ABF4BC1F09,1
E278B826-C1B9-43C2-8353-1BC8398D280F,1
E2544C71-BC1C-4D2D-B79E-34F1EB56B675,1
C3CDB475-D50A-4C3A-A45E-5C98ACD16626,1
E2297044-BC9C-4BBC-8CF2-4CCEFF3D0B31,1
E207CFE9-122C-430D-8FC4-33EB7BC98BB8,1
E1C07626-6B58-4B17-8100-8403A77E8158,1
C3FDB6F0-CA57-4C64-A6EF-2C9E22890E46,1
C47CF67B-ACEE-4267-B003-AE2EAA45E995,1
E141AE7D-4DD0-4962-BB02-DFF6A53ADD3D,1
C4C9312A-5EF4-4F12-8CFE-0B3E9D80D10A,1
C4C94958-93C0-42D3-9370-4F43D57329E4,1
E111C954-B675-4AAC-83B0-794C423035CC,1
E2F2CCB2-999D-41C7-8F83-E39D57F0423B,1
E110C380-536E-43FF-B6FC-5AC378B83587,1
C4D1C651-5AD4-465A-9449-34D02C6F123A,1
C4FAEF29-7009-4835-8712-6E427FAB05C8,1
C5452585-BFFA-4CB7-817F-FBB0443DF143,1
E0B2530A-0981-47F7-8BBF-FF745523D577,1
E07A4BC7-324E-485C-BABD-8E0914C7FA4E,1
E0678D24-9DCD-4BB2-B83F-B6C1260CCCCD,1
C56755AD-49BE-407E-B313-DF1F4426B68A,1
E002F3C2-D016-4CE7-8AD4-E97A984D7501,1
C58BC45F-F8E2-4B71-BF2E-00DEF357D9C2,1
C5B1BF32-38CB-4CCB-995D-7B242938A169,1
C5D38AFF-0D8F-4D11-B91B-7954A21AF259,1
E2DF1B0A-5636-428D-9A69-2B2B17514E82,1
C341B4EA-2165-4950-BD95-987B257DD347,1
E598D837-BBE8-45C1-B7E5-E1963A093791,1
C1988D60-8EAE-49AD-85C8-9FD2993DD09E,1
E593F878-0F03-41B1-898B-513BE84FA054,1
E561A078-F560-4DB9-AAA8-E8D786A9DEBE,1
E5588077-23C0-4F86-AA55-16F178ECD277,1
C1493B80-DA79-46DE-81A3-F4166129BD31,1
C14BCA29-76F6-4B35-8BFE-BC8BCD47106E,1
E52A1C28-BD6F-4472-8819-560521EDFCAB,1
E4948F4F-2021-42C4-8F0C-6C11E668CE33,1
E48794AE-B0B0-4FCB-A68D-80BDE25F1A67,1
E4598407-7D40-4788-834B-473DD887C2EE,1
E452743B-7640-48A6-B75C-1B584316C726,1
E44FB962-794A-49E9-8FFC-A03F4A18C880,1
E449E11F-E946-4370-97C8-C5271A09FCFE,1
C1C386F3-818C-4E2E-AF55-CBDBD155E678,1
E30B2957-8E2F-4A2A-BB3A-B5C41DA1BA17,1
E41DD89B-BB68-4AC2-948B-63481EEBBA7F,1
E4138D4C-0D59-4AA3-B4D0-6EA4D03E39D5,1
E3EC61A1-33C9-4D42-99E8-14162708A690,1
E3DE6553-E4BB-4C38-BDEA-E9B70C023368,1
C26472C6-23E2-4FDB-9440-6095F392627C,1
E3A37D4F-6953-490D-A9EF-5EA6AB956E9A,1
E3907D51-0BED-4398-924B-A13210916842,1
C28EB8D9-F7B9-4F69-BF65-C64CCF21E368,1
C2C88929-06E1-4317-A8C1-42B32A70BC3F,1
E35A6324-4A07-4AD1-891C-1EC683B72596,1
C31A4153-5E89-4C59-9044-FF048ABA27BB,1
E33C11BF-D91A-4357-9392-3675549278E2,1
C00B3E95-5CA1-4A7E-A6DA-3FC01B5A1939,1
00096DE1-A01D-4AE1-B044-75032404F6AB,1
ABAA45C9-C668-4AA5-854B-7B0B4B7088BB,1
3C182A4F-FED0-4138-BEBA-73248656D368,1
3B841AE7-8B1C-4DBD-BCC8-46F1962D7963,1
3B5F584D-D9BC-4349-9EAC-D03E7A9FE215,1
3B515870-FF0D-4C39-A5E6-90C2D9C226E5,1
3AC6FD0C-E141-45BC-B711-B1DD0B629766,1
3ABE4345-24B0-43F3-9148-A057E7F04194,1
3AA47E68-66C0-47A0-B392-D7439744D0D1,1
3A07B3F4-EE17-4491-BADB-8C28B0667036,1
39DA1407-7BA3-469C-8216-338585AD3DB7,1
38FF57B7-D302-4ECC-831B-F3A1F5D8DB47,1
38ED39DF-22F7-4E3E-8E56-0BBE431A3EFA,1
38E056B2-41FF-485F-8A87-6DE126EAB144,1
38DE3AEF-5618-4F3F-BC40-C1A0D9045F18,1
38BBC0FC-8B7A-4F71-8741-BB5D97E5ECCE,1
387AD964-D1DC-41C5-BD94-9EC296EF8FB7,1
38494D2B-B7EC-4CF2-9CF5-2EF3A6CBE67C,1
381B105B-5AFE-48F5-A32C-604121D66431,1
37E9C824-B4E9-4537-AE5F-1CECBCFEF184,1
37CD03D6-6844-4C07-A7AE-DA95205A337B,1
376824E1-139A-4A0C-A1BA-096C1FE5F4EA,1
3C0DD695-8558-47A7-937B-E82890561A4C,1
3C2A861E-DD46-4944-A6B3-765E9D63DA7C,1
AB708D17-12B4-4082-8D7E-B594F64494B7,1
3C630314-3090-486A-BF65-FEADCFBF1BAA,1
41D1D0D5-3EC9-4A61-9A65-8F7D459C31C4,1
41C1D22A-2F03-44DF-863F-4F4B0E374AEF,1
41BD7C40-3A95-435C-A077-F7E5740BE70E,1
41B68E8B-31B1-4BD8-9E90-6B33FB244245,1
419A7001-7795-4AF0-AF1F-F6D7095554F0,1
416365B1-2857-4FF8-81B3-D4A139C1FC33,1
41588A87-30BA-4846-949F-C65B33DAFCEF,1
4152FBD7-0DDA-47F5-B057-AD549D69C3FD,1
412FAD41-315B-406A-BD7F-EB875C0D8522,1
40EBAB05-7E07-463B-B0D6-C77261008C69,1
3FC2CC99-E19D-49D4-A7D5-17876F0B04A5,1
3F92A46B-3E21-42F8-9F98-6C677F8C7E1E,1
3E1AB093-54B5-42DF-BECB-B4413DC358FA,1
3DDA3C56-45C4-413F-B229-78AF167EA817,1
3DD5388C-C2CE-488F-AB59-A07CC9B661BC,1
3DC4E4AF-A67F-477E-BFBA-9B58BC007B13,1
3DB9FD8B-786B-4376-AB3C-17A65713E358,1
3D7E6169-E39A-41B9-BA51-D424F01EF395,1
3CC79802-40F1-49E2-B3F8-C81F4A1B7406,1
373316D3-42D7-4AC9-8322-584FA1DFAC63,1
372E384B-AE93-4F3A-B0DC-32FF000B2CCB,1
3715EF8A-F32F-4FD9-B647-77F7DB2CD645,1
36D29662-D9FE-447C-B4E6-A8721C7414E9,1
3314000A-630A-47C3-98B5-461A4C868677,1
32DE6007-3DD5-418F-9889-C1C138B5AD59,1
31FEB4E5-3E9D-4836-AA9D-1033810C6D97,1
319C8985-C90C-41DD-A7EC-D52C0B480733,1
31904A8F-44F4-46CC-A53F-F896D3AB31F2,1
3120D0B7-7120-48EB-81B1-BCABCDFB87A9,1
30C55E80-B52F-4FE1-8895-6B1B8EB0369A,1
30948BD9-306B-4DE3-B668-EE0A24604BFC,1
306AB3E4-12B3-4FE7-A674-71BAC05859A2,1
303F3050-56B2-41E6-A22F-D8946C3E00D1,1
2F9BCEF8-45B2-49F7-99E1-093EEC70D736,1
2F985557-B71B-4508-83C6-2D9CE0F4728F,1
2F954193-35C3-4195-95F1-7EEC666F2C92,1
2F6CA9ED-1F94-40F3-A34B-A4E17CCFD431,1
2F586A49-82D9-4CF3-8F20-9C6A8D6790FE,1
2F2E0FE9-CA09-40A3-9B2C-09521CBC9323,1
2F1D5C5B-B317-4974-9A61-33B90E3DCB36,1
2E8A3BCA-502F-475B-92CC-7F23DB70D415,1
2E4B64EE-214C-40DE-ABCE-E11F6F3ED0FC,1
333EB4A2-8F94-4710-B28D-BC2B0484FDC9,1
337C93B0-8899-4FE7-A647-6E54C4E402D1,1
33BD1D64-D602-4F9F-8F43-2A8D83408CE4,1
358DE825-F777-427F-BD61-C822CF4CFA6F,1
369D4A48-DC87-45FA-99E3-434F551217A0,1
3673EA92-5FE5-4EFE-A4AC-F09EBC89CEF2,1
366CE618-239B-4F7F-9C9B-240435F02668,1
36208E14-B87E-42ED-A623-20F0F393F7BF,1
36021D8C-8156-44C1-8FAF-403F0BAE3CAA,1
35CC6C9B-37C1-4791-BA52-EAA4FCC23D16,1
35C0CE50-61C8-4951-A6BD-C121ABC82F8E,1
3591B22B-5D64-4E64-88AB-6FF834EBF6BF,1
356D6B8A-1A90-45E7-9DAF-EAD1212F5255,1
33CA280B-5DC5-4192-A17A-44FB6B106392,1
35690777-8093-4437-A3EB-266441F94E21,1
3535DDAC-E8D5-49B6-89F8-9D4585B72B80,1
35009DFD-FE2E-4161-A64E-258077E5007C,1
34D656BD-74BA-4A11-BD0A-B863C5EBDF72,1
34CAE76F-6F10-42DA-AE72-2B330DA04167,1
34C7EC8D-A116-4BD2-B42C-A006077FFE67,1
349BD746-8544-46CE-9FCB-203A1EF95BE4,1
33F89406-E207-447F-8944-E2792E4F3FBD,1
423237E0-02E9-4CA7-86B5-328A95FE180A,1
424C997F-7520-4395-AF51-F1A26419724A,1
42CDAF4F-136A-4809-9F48-563DF263C8DD,1
4F011745-ADBA-4AB1-AB6D-0EC09CCCFA0A,1
53176DE9-E5FB-43D9-BF77-86972B89F042,1
52D5B039-27B7-4750-843C-EDC672E1DEAF,1
5285A27E-9073-4BD1-AA84-6101E9C2DB8A,1
52806385-0F3E-4FDD-9DB5-27E93C1EC1D9,1
523643F1-3D92-487D-BCBD-AE9CEB4350CB,1
51F91F79-DC30-46CD-8E25-E46A5FD336CB,1
51F2ED19-E79B-46E2-8464-C056A9FE8774,1
51EC4D55-341A-4D40-9E49-BD4D476DFD5F,1
51B9750D-E145-4357-8FCA-A6066EFFE2A7,1
51A34F70-3AFA-4D0E-9595-BBBE78B1CDBD,1
5173C2F9-9D43-49FF-935D-DCD01DCC1C30,1
51716845-1E51-4621-9BD5-F5BFE61F8ADE,1
5153BAEA-B607-404D-8876-2F2BAEAB8F6B,1
50CA248F-63F6-4B2F-B8E6-F71524B58444,1
507B1C71-D1D6-4C71-96C4-40EAC6E5ECD8,1
50585EB4-78E0-4A25-8BF5-759DA985EE2A,1
5024BAF2-3E34-4193-82C8-12E428F000DD,1
4FC4FC03-04E9-45A4-A774-06314B7EC46B,1
4F91D3F7-AC95-4BFE-87D3-9C633AFBAA01,1
535AB221-957F-4208-ACC7-22E3109A57FD,1
53FD532E-CB82-46BE-91E2-5C939551B2D3,1
5413A693-96B6-4ECC-9D16-778590D5A490,1
57C1419F-ADC3-4215-AC70-0DC50AB032C5,1
583A3078-B60E-4E34-9653-2A7547A30A5A,1
5826FECF-D834-4B3B-85CA-686245902006,1
58145292-7326-4968-9306-CB45A9943E22,1
5813E8E7-5DC9-41E5-9DCE-DE79D5204162,1
5807C3DA-E907-42C5-A54C-2B59E1C9974A,1
57DD1971-33FC-4D32-B45E-CA0E949B4D58,1
57D9C37D-AF3D-421B-9BE6-E00E9D397624,1
57D4CE17-955C-4181-96E2-78AE202B40E2,1
575546F4-8D16-4DFA-8FCE-A0559CB3EEBA,1
5417A20B-7A78-4FC0-9E5D-66DD52780C43,1
56DEF3BB-4EEC-4EA3-B23E-7DF68158D799,1
562FAE6C-A85A-45A8-B90C-4F2F79902BAC,1
562F4A3C-76C9-4535-98CF-B6C379AAB281,1
55D1FC72-C295-40BB-A756-4BA38C69BD11,1
551CC5B3-C617-457F-874F-1540EC096FEC,1
5502B2F9-1F4C-4454-A9E7-4825E3031660,1
549E075D-A553-4C64-A764-50C663674547,1
54450C90-E218-4B31-BA1E-875E3F8AF467,1
4F8905C2-C1FB-4C1F-A299-2B63AAB657AE,1
4EB68F13-C0A7-48B8-8E59-490D70E59F77,1
4336732B-520B-4B90-9BAD-6C07C0173135,1
4EB6741C-30B6-462D-B969-5DA3D8B2DBAA,1
48F2C63A-2408-44E4-9B95-BA252C601AD8,1
481215B1-807E-45D7-9012-D3B71E1FF198,1
47AB1AF8-A5B1-4772-B652-93734E275118,1
47872860-DE48-407C-ABEF-85B10627F24E,1
4772C78E-DBA1-47CA-B538-E7F0741DB346,1
47688604-BBB4-4A5E-ACD3-6ADB2A990994,1
46B7F263-7987-4E65-B4E1-881AFC0F8B80,1
46A7218E-0654-4CFF-84C5-C45A32B21CEE,1
4637175D-6B5E-4B9E-804E-56D6AC9812BF,1
45DDCCCB-A6D8-402E-99AB-223C72609198,1
459BC2A7-D61F-4742-A497-02EAA0CFDA65,1
44B39EFF-6376-499B-BC90-8975759159B3,1
44A933CE-37D1-4940-9242-2E2BBECBB79A,1
44839780-DD6F-4AC5-A446-0BC2CCEA88A2,1
44794EEE-87F0-4C5B-8B00-52F99343EE72,1
4476BAB6-54C4-463F-8AF6-DEE07E229B64,1
445F8BF6-2A5D-4472-9A14-3AEC1EA02D1E,1
44325575-D50B-46A5-AB68-1BF88E1FF4A9,1
43624727-2D66-49AE-8923-426DD4CDD141,1
491FA211-3D23-47BF-93B0-EBB5835966BD,1
492D8D3D-8AA4-4D0D-AF16-A5C04462FA6D,1
493715A5-9334-4D5C-A901-E178058A0A37,1
4B73214D-DDB3-4D3D-9FD0-860C50DBA026,1
4E9EDD3C-8390-4CAD-8182-E2F614168FB6,1
4E8769CF-67F8-4679-8C58-56D837B1F7B4,1
4D754C07-F857-4319-9619-3B9D9E55004D,1
4D622C16-16EB-4082-B1F8-3ED75A6D7D37,1
4D17645B-F64F-4071-ADA4-3AACE82C28D7,1
4C851C18-C625-4453-BCEF-BC51BC8E83D8,1
4C4DFBC5-54D8-40C3-A62E-179FEE61B353,1
4B9C9ED6-A038-4BEF-88A6-849E7D0CFFE5,1
4B5E71F8-B524-4DD2-82B6-CE7B3B2167EF,1
495D55A9-191F-42F1-A2A9-CA29458B54D3,1
4ABE9703-ED00-4575-ACAF-4B4605F1D02E,1
4ABCC643-6154-4B65-BF8E-B216142E9BCF,1
4AB28444-5F86-47AE-9DBA-8343B3C4F226,1
4A3B5276-2611-4537-8467-0C993A415752,1
4A33AA98-0BBB-4B00-BBCE-DA3FFE992D2E,1
49D26347-5402-48D7-B647-02DB3C506F4E,1
49980F35-0DA4-4C7E-8E34-9A7B4C6C9FE7,1
4966491E-5937-4F32-8FF1-BFBAEAB54091,1
2DA21C27-9DDD-4F1D-A6FC-AFC12C835F01,1
2D88D0E5-A45B-45EF-9EA7-15EB5942A5FE,1
2D79D8AE-6BA1-47C0-9613-3D7CB26A918B,1
0BF66707-4B41-495D-8B85-9873A32A5FC1,1
10DD8229-EE71-44C7-8E2E-85C3E884DBC9,1
10DBD492-A202-4C80-B159-618899DA70EF,1
104ECC84-7BFB-4D6A-B050-3AAD4D4B0E9B,1
0FB306D9-42AE-419F-A73C-C689D417EB6F,1
0F807770-8C2E-427A-9F61-2E02C55AB5DD,1
0F79C50A-B31F-41D0-9A79-24ACA700BBEC,1
0F6AC564-B121-4336-A279-AF6EDD996836,1
0F209611-14F9-4713-84BD-19D450CB333D,1
0EEDB9E7-BE0F-4440-9AA3-2542D4A1A2B9,1
0EAB0786-331C-4F79-B621-6F040270A3D4,1
0E703B87-C3FE-4904-AEAE-A661115CC215,1
0E3AA5FA-226F-444A-A466-C10291A5A21B,1
0E31D6EA-F19D-462E-81BD-88C0221B88EB,1
0E1CF811-5E9A-459E-8C0D-35B7A2A052CA,1
0D977C2C-AB48-4FD2-8846-CC0D07827E91,1
0CF71A37-23AA-414E-B4C8-968147EAB63B,1
0C793969-93D5-4945-8529-5CBB45044A3B,1
0C745CA2-9A1C-41AA-94F3-2610F3CAB256,1
0C503344-7D14-4C36-9F3F-73223A796985,1
1106FBCE-0924-49D4-AA2D-6C59E78E303D,1
113A7683-2315-4968-89D6-AFAF87B12FAC,1
114344EB-F4C9-432D-93A1-69A1117BF4E9,1
142BB862-5261-4370-BBE5-95EC29DB7953,1
1667FCE3-AF3D-4D43-AEBC-80F68F396A12,1
16340B63-32C3-4275-8E57-EF1522E54FB2,1
15E92349-52C1-4326-A63F-D10FCE044B59,1
15C3542D-E7D9-4DA2-97DC-F848A322BFD3,1
15A3ADAD-7A7E-4D6F-B087-25991DFD93E0,1
15947279-7F75-4ACF-8ECF-88D8FAE756FE,1
146F9FB4-6DE3-4A81-8CE2-E90C9C6C2682,1
143BB279-0ECE-4354-A531-6EB6CC348385,1
140B5D7A-AFA3-4C2E-83CF-D693B6DC38B2,1
1161E145-B2A2-437F-B9B2-0003A4C11275,1
13A220BE-04D5-48EE-A581-16267376591B,1
1383765F-BE9A-4E31-AEFB-8EA2FFE433A1,1
12FEE93B-F79C-4699-87A6-C1F254A95487,1
12AD0AD2-685A-4FED-ADC2-78F6F40E08E3,1
124EE4B5-7551-41FA-BCB2-DCAB94A55B51,1
1243E496-B276-48D4-A6DA-925C90865A3F,1
11F8B3D1-9030-48E5-9FFE-1F27F846494D,1
1194A751-D297-4086-8946-8D925FFFB52E,1
0C2F822E-BAE9-4527-B7A6-B54805B3F5D6,1
0BF525BF-6D9F-47E9-A2E0-0E1703D16804,1
16EF16C8-450B-45F5-82C2-A6D0F8A9B7D8,1
0B9C7CA2-7F64-47A7-82C4-35A98604E684,1
06CF538A-1BA2-4675-B7CA-66870C8DDDAF,1
0619B978-6DB1-4A58-8C29-6B262EE6D111,1
05947FBB-A08D-4F12-8491-39C18C2CCE5D,1
055CFA33-215C-4EDC-BB50-0F300D172977,1
05505A72-D8B0-4B10-850F-D6DC5E34BAD6,1
0549AE03-83A7-456B-B9EC-6790271B75F3,1
05420B20-815F-409D-88BE-7D8EE90ECB05,1
0538534D-8864-40CA-8AA1-416AAA0044E8,1
047C9618-7E9A-4D31-8522-6BB3AD0CF16E,1
03F00D04-53E2-4D09-B9FD-7FFC558235D0,1
03CC0E7F-69FB-46C6-BB21-A4A4746BEF4D,1
03601DD4-7DAC-4A2B-AF49-7CCA0414AB34,1
0309F68C-4578-4738-83A7-09F8045F8EB0,1
02F929E9-8466-49E0-8B7D-54F0FB0C9A9F,1
02F2CF18-6FC9-45B5-852B-F74EDFCD5D05,1
02D5CFFB-806B-4E52-B077-9D60D6ACA6EC,1
02042194-8CFA-434C-949B-D5D0BB4BE89C,1
01F74E77-6453-48B3-9CCD-F19D3F29BF8C,1
003D910A-7D8A-40D3-A159-69508FC07E82,1
06E55E0B-F7D0-4942-943D-91E532FEF9B4,1
070A2F30-AD89-41C3-ADB1-4315AD88E2CF,1
073E03D7-B407-4785-897B-DF4D39A3CE59,1
09710189-535C-433B-B1A3-E89651C9F914,1
0B2C1A4A-6D80-488E-A28A-23D2EB48B7B6,1
0B125D99-AB8C-4092-A9C8-35A21C6716B6,1
0A347FC2-0EEA-4BA8-A307-673EC273D372,1
0A0E580A-B8EF-45BB-8C25-D6A1994F6336,1
09FC7355-A421-4991-9AF4-92161A52B176,1
09D03155-1EBE-4883-A363-601DF5CD2C7F,1
09867887-6E99-4B25-8709-3B9D4BE4245A,1
097E3267-16D3-48A9-A31E-63E309FACBCE,1
0961D83D-0E7E-452C-904E-44621B1C3FC0,1
0748F518-0D65-441E-9CBE-31AD25C59002,1
09591637-BF89-4424-A900-509C717CF0F7,1
092F3611-EAAE-4106-A3B7-5EE3A73C5636,1
0914E901-5697-4D19-BAD0-16F91DE2A32D,1
08825339-619B-4F60-9070-CE1D638BDAB9,1
087A8744-45C7-4BB0-9E7E-71F6252414E6,1
07EF9AB9-2410-4903-BA5D-05D4ED11B621,1
07BBFEA0-3E28-48B1-A02D-8EAAED44B075,1
074C8BE7-4C49-454E-8390-2A251801439F,1
16905ED5-BE39-4883-9301-D8248D0EABE4,1
16FB7543-59ED-4BC6-A644-96DDDBCB4B6E,1
2D115118-DD43-46D5-908C-FA2A7A2D7CD2,1
227F0638-2504-4F68-B5EE-32C7D18698B3,1
27046381-40B2-4429-9349-1C0005698343,1
26EFDFED-11F8-4D58-8BBD-7DD1AB3C378F,1
26C84E43-B7B8-47A0-AD0D-F3B4EF2D6E91,1
26875A75-1E8C-42CC-A905-D0D7653C5456,1
267DE3C1-ED3A-4D05-B313-0DBD2A1BEB5E,1
2643DEB2-0395-42DD-80AE-75C79D6BAD4E,1
263F6E17-6DC4-4701-8B1E-E227EF0F8BFC,1
260BE3B0-1CFE-4C58-9C4C-9C4CC29984FF,1
26050F40-9FE8-44C3-8B81-1400993A7F22,1
25F11840-EC0C-41C6-A83B-D23E75DE87D2,1
25D921A3-EC41-41E0-AF0C-C0CFA6D2E998,1
25818785-9088-4EED-8763-D09CD0FFFDE4,1
254DD595-FC9C-44EF-819D-6E16AD936B06,1
246C41A0-54E1-468A-8A46-4701A949703A,1
23F646D7-B863-42A3-B1DC-FC3BB268CDE4,1
23DA0AE7-007C-4246-A19B-20242CB3576C,1
23C855EC-F631-4B4D-BAD2-841763866522,1
236D4E9F-1D21-4C1B-A859-7A8128054A0C,1
2357C34D-3994-47B4-8A7C-EEB4D63F76D3,1
275910EE-F3F0-4A28-8A6D-9FD4E74C93AF,1
27C357A1-B445-4C32-9646-CBD095FFA36C,1
2859D1F4-8BC0-43C5-B244-CB80BA36FBD6,1
2B07C6A5-590A-41B5-9BEC-BFF1319F5CB9,1
2C911CE6-EE42-46B3-BD35-66FD3CD27DFD,1
2C27EE95-AC89-423A-B4CA-F75604790961,1
2C182869-BE26-49F5-9308-75237B2F3CBA,1
2C0CF14F-EEF8-4B7E-895F-0957054B087A,1
2C0BE16C-77FF-4BE6-91BA-FCD3A2966577,1
2BFA9FF3-4504-4640-BE56-935ABCFDD207,1
2BC0BE36-6C6B-48C4-B648-8777E2864378,1
2B825071-E493-482D-A8F2-8C2A77DB40F8,1
2ACA7A31-F7D7-413A-8720-F3D259DAE94F,1
2862BB05-AF41-471B-9F74-618AA3A018EC,1
2A9073C8-6F37-45B6-904B-B942FE70E455,1
2A7DE9BD-1BEA-418A-AC75-7CE99479ACB7,1
2A0DDEEF-2990-4699-B793-E7B82A4F471B,1
2A05DAF0-8D14-4618-B138-12069107E4FB,1
2914E199-5C5E-4C14-9A14-13BE92581CA4,1
28BDDC07-D1D1-4979-B740-84FD90E8B3AD,1
28A8EEAD-DC3C-45B7-B69D-09723AE5A720,1
288D9DC1-C734-4882-B4AA-07CDB2B4F705,1
22F99009-A797-4DE1-8404-0282CCD94346,1
221EBBA9-969D-4868-9AE8-9CCB2BF1770D,1
17E960A4-3C07-482C-A1A1-0345C4E36FB9,1
2200C544-05F6-4178-8CFD-2A9780B8051E,1
1BD3EB4A-2BDF-4E50-BE1A-273B10928758,1
1BBD1EE2-8F79-4459-A377-7BBE546FD67A,1
1B6D154F-8C59-43EB-88A7-81F28EB7EA78,1
1B2C61B8-E7C9-40AE-9A85-6403EB21F637,1
1AF3DF79-F843-4ECB-9C89-11C6C141EB1B,1
1AD60612-2694-4895-B5BA-968CBABB41FB,1
1AD545CD-28C7-4DF2-9755-FDB2E1C23CE4,1
1A598461-8B0E-4C02-AE62-B889D37ECAB8,1
1A191F76-65F5-46A6-8E4F-2443B2ED6E31,1
1A1431F2-5851-4EC1-8656-14F5BB7DC7C6,1
19D96592-0E99-428B-9676-68272D5A3807,1
19317600-FD18-42DA-B634-0DF4A7ECF37F,1
19258BB3-13EB-4EA0-8D58-0B7C78D1B3AF,1
18F33DB2-4E5C-4D82-AE64-B48062BE9516,1
18DFA869-351A-43E8-B402-CD185FCCDE3A,1
18CA150D-E170-4A88-B643-62A052E897DB,1
18AD0151-D094-44AE-8CAF-9A6A4FFF3338,1
188FCC5C-9130-4DEF-B04B-6C09F833659E,1
18399BAB-0F5F-40AC-A58F-4E46BED16C50,1
1BE28644-64E6-426E-BFDC-57BBFC9E8957,1
1BF7FF31-CA0E-44E9-B475-F9E51C06DF52,1
1C474183-925C-4EED-934C-7C13E520DCD2,1
1F276F33-C868-4463-98EE-7F2D7A0E5537,1
21917D4C-FCF6-46ED-AE8C-1C0B54326711,1
2113020D-BCE5-4076-87AE-4AA2D2BBD22A,1
20C41513-4169-4544-AAC7-D255A0731E24,1
20A603FA-F46B-4281-B024-DBD17BA6EE70,1
2063EA17-4B42-478A-8E51-01FA808C2CA5,1
1FCC7841-C84D-4F1B-8938-7B6DDE5B35D2,1
1F89949D-0EC2-40D4-B886-30D17DC272A3,1
1F5BE2B6-8D71-4A6D-94F3-4742B020DF40,1
1EFC0CB6-30B9-4C96-94BA-20F433B5D390,1
1C9AF362-D66D-4AFD-8706-0CDCF1D6E980,1
1E6FDD28-C075-4D75-806A-8FB5340564DA,1
1E665AB3-BF3B-4AFF-B804-6D0B62AC47D9,1
1E16B602-F396-4DFA-9B0E-633E99D1229F,1
1DFEF48C-06AA-433D-BDA2-5847043AAB8E,1
1D866F53-1E17-44C5-9C99-CB5BFE800B72,1
1CEC5A55-AE07-4A25-B172-EAAE8397BF64,1
1CC8632D-D95A-4388-AAD9-B713414149AE,1
1CB43DDA-5616-4614-98EB-14F59C9ED4C0,1
5840528C-9EB6-4801-AB08-8D1A40AAA367,1
5842F6E5-93A6-4A71-BCBC-E6A76F9C7A43,1
585341F1-872F-4BDE-9470-D33E7410CCCF,1
8A520840-7095-4A65-8161-CAD850606765,1
8FCCB8BA-6847-4BE1-A726-4E627DB5EAA2,1
8F706E0A-EE36-42F3-88FE-313D59522A5B,1
8F5B4652-2090-40F9-990F-B09729F1708D,1
8F55A5B3-2517-4BB5-B6FE-BDDBAE37D26A,1
8F2382E8-CA0A-422A-BA60-9DEFE3366803,1
8E9B7559-E005-4EBF-82FF-C319E0891F41,1
8E6EC0B7-7B35-4C17-9D2F-ECEF84DF7352,1
8E02B1EF-7EE4-474C-9081-6D1A62E42E59,1
8D385185-937E-497D-81F1-4750F6C2A4F0,1
8CA839B1-1D7D-4759-BD0D-762CE392C176,1
8C96CA42-C710-4A5F-AA76-DBFE2B4A0DC1,1
8C8DF336-DEF7-4455-9FBF-DEC083B169B8,1
8C8A7D69-094D-41AC-8627-B0D925AFEC16,1
8C576B53-F3EF-4DF4-9241-7DEDA904928D,1
8C36BADD-09CF-4ED5-B6B4-11C044384706,1
8BC36FB0-31C7-4953-A800-93BB5AC266AE,1
8BB7978D-D8EF-4501-951A-7E66F4D4D054,1
8B8EA445-E75D-4708-972F-A10DF88F5961,1
8B41A525-D259-4C2D-9A84-2470BEA53817,1
8FCE53A8-0C21-4162-93B1-7424EC08763C,1
8FFC9899-B45B-4051-8650-B000CC8494C6,1
900344F7-5DC7-42B1-865A-9AB07C30C4CE,1
91AFC0E7-3854-407B-B1D6-1BD35D1CE513,1
942EDBC8-4F97-4B10-8C94-0AA36B12E626,1
93D88918-61AB-4336-BA96-CC2B2968239A,1
93D60370-0AD9-4DF9-B8AE-355D187AF587,1
93ADABF6-0934-4228-BA55-AD155F1AD1C7,1
92D65FAE-C613-49ED-8A5E-F3F08F0C4A47,1
926140E9-DBDF-4DCA-975B-A4F9BE1B4074,1
921E13F1-AC73-4848-8450-0A261FDB879F,1
91D4646C-3A43-4370-9301-54C2ACF447F0,1
91952411-B655-4664-9DF3-52429616631D,1
901064D6-410C-4BE9-BAE4-2FDABA88CCAC,1
918340CD-ED4A-4798-819B-7B6A8E878C5B,1
91485AE5-0B7C-4AD8-BA26-067C337082FE,1
9138DDE3-7B85-41C1-A9BF-54DA80A04B09,1
91195029-DF0D-47A1-B686-63E405F108AD,1
90EC0CAF-01EB-4AFD-9C4B-FEE0BD2D659F,1
90D7BE21-FB6C-4B7B-A4E3-9538EA2B723E,1
90AB4AF9-F533-4EC4-9310-F642119007B0,1
90A2EFB8-A6F5-488F-BD6A-90699B4F7374,1
8B1572A0-FF55-4576-B699-FE85A22FB7B7,1
8A1247B8-5A1F-40D2-BF07-92F5E205DE89,1
94B1638E-1B8C-4769-BBA8-655519976E5A,1
8A02DE91-8373-48DF-AD7F-1095631A5655,1
86221191-C584-4E67-8D1E-C2979C947046,1
85E91A79-5883-4505-A908-C74AAF99153B,1
85C74800-12C4-4460-B46C-76652A525C86,1
85C62913-AB03-41C2-88F4-F35E040B64EF,1
85B6808A-C97C-40AA-A8DD-B4EB589915B3,1
84F79D84-4023-4ECF-AC89-F265FAAEED4B,1
83F9583C-4526-4F2F-9C5F-81988EEA2E1D,1
83D83C5C-1460-4A0F-98BD-FEE4915E5CCC,1
83853FF2-E136-46BB-90C3-C8FB040C09F8,1
83705793-5C7C-414B-B736-E6B5C78FE50C,1
8358C77D-C527-4125-A72B-1BAA68A5775C,1
82FDA7D9-A600-4179-B1D7-D2F56B6C9AB1,1
828B44A0-5E5A-4D41-8BA6-25B7CA0C77A2,1
8247E0CB-43D7-43BE-B7D8-FCF75271E03A,1
81F43B2E-2223-40C7-BE89-A2E391560256,1
81DEBB26-2779-41B3-9279-26E477DBB82A,1
81C50A3A-F190-4392-A170-8F3A4E321932,1
81BCBFB0-2147-4BC6-BE55-3E25BE151B2D,1
8162DA17-D662-4C3A-9194-FAB2BEDF35FE,1
864C563E-E234-47FB-84DB-3AF3DBE06BD0,1
86518264-8A0B-4E48-80F9-ABA298AEACEB,1
86624709-9B24-4BE3-97F9-2611DB4C1685,1
882561FD-1D18-4B12-9911-0BBE7A37BACC,1
89CCEFDB-AAF3-40FF-BB88-BD314A5D08DA,1
89C1ADBA-9C98-43B2-9335-D2A4E548FCFF,1
89836FD8-F2AC-471E-89F4-8AB0C84171C4,1
88E314AF-4260-4E0B-B7AE-09532BF845F7,1
88680B7E-FE5B-4A4F-B710-BE25160810B8,1
88664A3D-549B-4428-AB9C-1E2651B434D6,1
885DE82C-B184-4B90-BDD3-F265E21C739B,1
885C631C-9867-43D4-97BA-EB48C93A35AC,1
87F8C351-C4DE-42CD-832E-9E8ADB0B7FB2,1
868B47D9-0CC3-427A-B278-676CB96813B0,1
87C4EE4C-0342-4886-BD23-CBAD78DE441B,1
8795BA13-3923-49C3-9333-05E6A7E3AA45,1
878B1CA4-858C-43A0-B8A8-AC878B834949,1
8780DEDE-61C4-4050-BBE0-5A9A908B54C8,1
87375C3E-B225-4673-97F3-11C566ED0D4F,1
872A195F-7D49-45BC-ADA2-BE30F3029B03,1
87133B4C-2A06-430E-981C-25FD3951E000,1
86B465C8-9752-478D-88B3-EC8234679DE7,1
9441FA24-34AF-4B58-8139-53B7F259F30E,1
94CCF337-C734-4855-860C-1B65B09B2410,1
80D55749-84B1-4654-B14A-9EB5291195A2,1
A0825166-189D-4ACF-9D47-DD02E5D0F468,1
A507BE99-E02B-47CB-8945-F029AD4D8859,1
A5021C9C-41D5-4407-9D48-62A38D2FDC10,1
A4F93021-68C1-4C85-A3B0-CD94E1A9AA21,1
A4F7E56D-6DDD-45AF-82C6-69A56FF7AD17,1
A49CE15A-76A2-4E9B-87D3-1D06B4912C41,1
A3DD2ABC-D15C-49BC-80DE-AE40EF521AA5,1
A396E5E2-28A5-4F3F-B2DA-2EC081A6D4EC,1
A309060F-002E-4866-A4B4-CDA8DE346C64,1
A2E622D2-DF66-4AF8-9494-A1E5629245A4,1
A228E560-DEFC-41D1-A130-D351CF645DCA,1
A1C98076-1B27-4FE5-8651-0BC365C06E29,1
A1A7F0BD-B4E5-47BD-ADA6-38609F6AD054,1
A1A1040E-575B-4D63-848C-12CB5EC47B68,1
A1818CC3-168D-483E-9153-D10686286B75,1
A17D1435-1624-4BE3-A6EF-5702A308BE4B,1
A122F79D-C363-4B18-B015-5D15A2A073FB,1
A0DEC50B-D704-4278-9CE5-81AFE1E4E43F,1
A0C59789-C142-48D0-9F22-9DF109F063AF,1
A0A9D65A-B998-4394-BC20-22F34850B64F,1
A5A7FB60-453A-48D2-9428-714D2A990E02,1
A5D34152-0A96-41F5-B394-360453B0A8DF,1
A60CD70E-B37B-4C3D-AB13-69F9D6A623D6,1
A908FFB6-9269-4F23-9DCB-56BAB6B22002,1
AAFAE1E2-B860-4055-AB07-D56D054AD689,1
A9F31FF6-1AF2-41E9-A66F-86D72545D3EC,1
A9A340C5-DF6E-4897-94CB-22869A97B1CA,1
A989396C-43A9-4FDA-A24A-58D8A4B97C15,1
A981AC91-4AC7-4997-9312-5A5F83E4D45F,1
A9425805-5A74-41E2-A5E3-0F67C3302B09,1
A930803E-AB79-4BC2-94B3-185D399ED39C,1
A9141201-5CB3-4A79-9688-91FA6160D936,1
A8CAB085-8252-4940-87EF-79261E74EBD1,1
A6A2C909-82D0-4A29-A772-79DB4F97FE2E,1
A8083D72-29A2-4C62-9558-2CB72817D7FD,1
A7DB6DF2-C1E9-4AF9-BF0C-96F31903A157,1
A7C35052-7FB8-4AA9-9E6D-8528E58856A0,1
A7A1DE7A-9CED-409F-B07F-6986E072613E,1
A7890138-7751-4392-88EE-7D10F468D186,1
A7101596-9388-40E0-AFDE-12DB6BAD3308,1
A6B9473D-5181-4972-BCC5-3F1E1E672953,1
A6AED740-AA52-4D01-A6E0-DAE5725FA3F7,1
A0957E9A-8F03-4853-9846-510D5C21CA5B,1
A04FACCB-5F87-422B-B669-B8071DE08306,1
951A9272-73C2-4E34-8112-14C7499AB680,1
A0116F67-EC19-4674-A3A4-52ACC17B83E1,1
9B8408C4-4DFF-4EC1-8AA6-0E3FD626340F,1
9B37F16E-BF92-41B9-A8A2-C487FE2F7031,1
9B07155C-EF57-41F9-85DB-2C69DC08D70F,1
9AE6B553-2BA9-4D3C-9B87-12D2AF2848D9,1
9953C9BF-6F64-4BB0-92C0-6955E1124E22,1
9920CC72-2421-470F-BAD2-F70C4D6F7777,1
9875AA8A-3BF1-4A0A-8C35-692D2CF454BC,1
98546685-86EF-4FB1-8948-A2FFA3839858,1
97A76CB5-D54C-4263-AAFC-E53E62FEBACB,1
97A2530B-50B2-4F25-BE6F-7415C98DC874,1
97A0D4C9-D80A-45DA-A34C-E04734879692,1
979743BD-5908-4C81-8A67-232B6DB73A65,1
9744A75C-9448-4688-B84B-7593C2CC0697,1
97094FF6-E8B8-453D-980B-AF604615B947,1
961E0C10-B73B-4429-AB9F-F2B9A5AA0F2C,1
961D5194-D8A1-4996-B919-ADAC434F0491,1
95D34772-B2F1-4832-8A50-2232AB62EB6F,1
958750C7-7943-4CEF-81D9-BC8626794BBB,1
952595FC-A14E-494D-955F-A7602BF55872,1
9B8C7258-9644-4AE7-9D5B-3C165FD2A4B1,1
9BD80F2B-5C1D-4956-B5C8-C83E807BF3C4,1
9C2F9D15-235C-41E2-90E7-2E97A333462C,1
9EFE0CD1-6DDC-470F-AC13-D80D41951C2C,1
A000FEBB-FD76-474C-ABC3-12EA07FB6E56,1
9FFF87EF-4080-42EF-BC0B-E06430F137EA,1
9FFF7010-FE67-4616-ACEC-772CEAEA881A,1
9FCB6054-D81D-4A69-BC9F-C729DE3D7D59,1
9FB96E0B-B7E9-4BCD-B01F-FB7008EEE23D,1
9FA7C5E6-E30B-4DFF-95F9-DA0926CD4D13,1
9F5C3808-A433-474F-9B46-2F193EB10F09,1
9F081E66-C6A4-4BD0-A9AB-0B3BEDD55016,1
9EBDD2FF-9142-41C0-9486-4F41CDDD9C43,1
9CA2EFEA-6272-4D24-A343-0F2771E23D63,1
9E7DB906-E095-4F94-972E-C8A5D968BEB9,1
9E4CEC18-E33F-4A22-BC42-7D23CC4BA1AD,1
9DF99B03-1BB2-4169-8310-3F2C7F0CC8BC,1
9D92120C-3C9A-4DEC-A538-74E0840F16AB,1
9D583488-4FCE-46C7-AD74-15C8B56C2E07,1
9D3E912D-B0F6-4838-9842-33A31A670AD2,1
9CD6A264-DF72-4389-8649-2B3E4E4AB57C,1
9CD5B6F3-CBC2-4642-A8D3-1FB4E4A50F9C,1
814BD473-243C-4CEB-874D-13DD9D3B9332,1
80835EF2-166A-4872-9C04-95E1AD2065F6,1
58C025A0-D3B8-4F8C-9203-9AA5C5146537,1
62F312F8-C059-4FD8-93E2-E34BDA572D4E,1
668DFAE2-80EC-4887-9502-7A93AD908072,1
664296DA-04BB-4458-8985-14595C6171B7,1
6630A49D-2D1B-4CC1-A742-27AAF781ECD8,1
662AA254-25D6-46C5-ADBA-AC9F5512ED22,1
65B28B7C-1AC3-4FA5-9B87-D834C25B48D1,1
65A15D18-81A9-41A5-A9A1-42AC6A7FA099,1
6597CA8F-7351-40AC-A0E8-72E8300873B9,1
65895834-D30E-457F-8388-10006BB39C0F,1
65600868-C46E-447F-A904-F6D4EE0E8FEF,1
65514176-03B1-4959-80EC-305ED6EF24E6,1
654BEF1B-1B68-4CB8-AD7E-F294F3FF078B,1
65421858-672D-4A2D-976C-8C30331117A2,1
64BF6C61-AE3B-44B2-9E3A-AE1A98826EEE,1
64B37DB3-FA1C-46F3-B1BC-4569B953B085,1
649879BF-CD20-4017-B9CE-FDD43F50B63F,1
64756931-96BE-41BD-98E0-6554CEDA671E,1
63580255-6860-44F0-ADEC-832C8048706E,1
6334E898-590E-4934-85EC-09A468A33BF4,1
633497C4-58AB-4F3A-B67F-4972BD9035E9,1
66BDB245-48B6-4848-B25A-99201E263766,1
66F9E7C3-23DA-46EF-A0B9-5A28E06E42D2,1
672C590D-57F3-465B-BBF8-23203C777F92,1
69F363AA-7FFF-442E-A36E-8D41FAFD2526,1
6CB683EB-B045-4076-8B10-725D502895B7,1
6B88EA0C-4D3B-4D54-A67E-FA83B0BB924C,1
6B7D95A9-0345-4DCB-957E-56BE52B23CBE,1
6ADD2BE2-4A68-4984-AD98-606AF82ADF1F,1
6AC59D41-436A-4765-957C-EF22C29FAB6C,1
6AABB97E-2DCC-4B22-A9F9-F3895184AB11,1
6A476D79-50C0-4C3A-9BB3-98B8F1EFC57A,1
6A3F2B18-1FA2-4B01-B0AC-A52C39725BB1,1
69C13FD7-715A-4A10-B3F4-50375724A4E9,1
67939E34-33C9-4D68-A2E3-74D65894A4A4,1
69290547-83FC-415F-A20A-8A23F8D1E040,1
68FF0AA8-7598-41B1-8466-0D1ACEE7FC08,1
68F9AC3F-225C-4FAD-A645-C2F5A9BBB85A,1
68F161DA-8A6C-41E3-AEB4-42CAF2131D42,1
68BAAF03-FE50-4F31-9003-75678B8DAED0,1
6801D2D1-3A8D-4690-8026-0C1464FA9B55,1
67DCA04C-40B7-45BC-B5BD-E5ED376AA1AE,1
67AB19CB-996C-4338-8F1C-98549EA08F58,1
630C32AC-930E-4AE0-8477-1058AF848B8D,1
62E5BC9E-11AA-4E0A-822A-F541D578F239,1
6D419C9B-1ACA-435A-B8B1-36FA3461BF52,1
62D401C8-B6EC-4BE1-80F9-00FEBB36EF9D,1
5CD7F7FB-8502-4E79-8344-1501805DFC64,1
5C70BA1E-0A76-4849-9DAF-EBD44DE47A96,1
5C67C667-B4C0-4FDC-A9CA-1451BBB60638,1
5C655980-6018-4207-B5E7-0FC6E9FAB24E,1
5C52DA87-E45E-459A-93F0-98883F6BB093,1
5C4309C9-8BC6-4A6F-8DD3-471737D1B873,1
5C0CFE5C-2AFC-408E-BEC8-B93D957E3A91,1
5BD0BA62-D021-431C-8FCB-FD162D298D1D,1
5BCDEA9D-17C3-45E7-ABFB-C1AEF45FE4DA,1
5B84CB7B-2913-4023-A2EC-685383C4284F,1
5B79B347-6C75-4F05-AC4D-DC3C0D7D2D3D,1
5B578CB7-66FB-40D3-BA69-AD7186023273,1
5B231E17-DE23-486D-B967-4B64E14A8718,1
5B16581E-387E-4A6F-B45F-892DB3E35E83,1
5A412841-720D-4BFF-B8CC-6BAC58865CC8,1
5A2C70A4-11E9-4C48-B5FA-39A86FF827D1,1
59A38156-54C3-4231-B4EE-F6D5DA0090D4,1
599FDB8C-35D0-4AB7-BCAA-9DD8064C2773,1
5950114B-41A5-4891-905C-7BA48777AA54,1
5D74C2D2-C490-41E0-807F-D29BC8A06133,1
5D8FEDB9-3F4C-4120-9C48-8C5222DC784E,1
5E0C9FB9-5D93-44A0-BF4E-CA76D21398E9,1
6083B14A-F529-4FB8-B8EB-404B3AAA0D31,1
628AA696-CB6F-44B0-8445-95C7EAFDAE1E,1
6219E17A-22D6-4A09-BC02-6C9CC7937832,1
6214364A-DDB4-4D3F-94FF-866F6FD77CBE,1
6204DBD7-919B-416C-9B1A-E10C13AD2868,1
612E7286-FF62-4DDC-89DE-7A18636C9CAE,1
60AA387B-D25F-4CE4-8C34-159E93828DBA,1
608ACE13-B835-47F6-ADFF-28C36AAF8A1F,1
60877852-D45A-4C9C-93F6-AF4628C4C344,1
60195845-4349-4412-910A-518479F068F7,1
5E81531E-AE8D-46D0-8580-192108D033BF,1
601278D6-CFA4-4465-99DB-CB96EE34C3CD,1
5FC5F617-2D55-449E-8550-9D34025D3538,1
5F7DC714-0D1B-4001-9CE4-472F74784999,1
5F308C83-525F-4607-8C81-560416F92415,1
5F192F77-1278-4A45-903F-30D356A2E09D,1
5EFF9C33-A2E6-4AEA-B862-3A35F816D2ED,1
5EFF67C4-1E5E-43EB-8179-08EB09A3AF28,1
5EC308A2-2C97-4D92-8D18-8BABE9F4EA11,1
6CD98992-0C43-409D-90AF-542236730DE8,1
6D45B840-6794-4C19-A06B-A63D9CC80964,1
80656479-1423-4478-8FAE-C4B7766241CD,1
7604BE29-EF17-4CC5-835E-5F682921EDD4,1
7B5B6D95-2FD9-41F0-B74B-BC267CDE8AD6,1
7ADD968D-1D63-4687-B530-A7EC95C89DDF,1
7AB7F880-B646-49B7-B97E-F16A0A8A5542,1
7A922AC3-E0A3-4F57-8DB8-317550CD5717,1
7A4E7F22-24B4-40BE-A7F3-C0F2CDBD14CD,1
7A3605C3-7DEF-4B42-B6E4-AB8426B0583C,1
793B1A49-7174-4B45-9D76-13213CA9C3DA,1
78F37213-39A6-4607-B49F-12552866B603,1
78EF0D5C-8C1E-4C9D-B539-819934F4A8B8,1
78D2A13F-0E7D-4D3A-AB10-D2DC778DB73D,1
78155819-8D14-42B2-81E2-8530DE0E49C9,1
7782578B-FCCD-418D-A614-4C860A8B3AB3,1
775E1533-901D-47C8-953C-C9172D318B65,1
775A9D4C-91A6-4794-A4C7-70E7D64D02C1,1
772BC904-C347-46F3-B47C-0B29EAB1D3C7,1
772B9CFA-5961-48BB-B3A8-057F4E26863C,1
76FA1686-187E-49C1-ABFF-AD1917409054,1
76C5D95B-76D7-4263-AE7D-0AAE4748C69E,1
768BF934-E3EF-472A-A800-1BD15AFD6B75,1
7B65D480-0151-4FA2-A991-132356423187,1
7B6B2B8B-31CD-444D-BF8E-890E1AB5A8D2,1
7BBA7EFB-6519-45EE-8FA2-FCF1519FF9E1,1
7EA89E73-0C9C-4B42-A6B9-2A28BFC44DDE,1
7FE35FC0-F17C-434A-A490-36C2F9292BFC,1
7FD4A0B9-680F-4138-9F60-6A00041B475C,1
7FA19EF5-4684-4C1E-BC03-1556ACE35894,1
7F904BE4-7484-47DA-A7D0-426CB3039326,1
7F7ED245-5DA4-4553-B5BD-9891B8A5D0C2,1
7F75BAD0-CD11-40DC-BF44-43B483A316F8,1
7F59652A-ED5B-4B71-9A38-0CC59AC41934,1
7F014281-39E2-4054-9997-4DD3B6BD1CB4,1
7E9D29CF-22F6-4865-8E08-0C053D20C3AE,1
7CE1DAA5-4A2E-45B4-A194-94583F9BED4D,1
7E70482F-F8C8-439A-A6EA-39BA29991578,1
7E6B3E99-866D-4C26-B5A6-F6395CA81C05,1
7E287C5B-A3F1-4137-AC40-69BC6E708F31,1
7DF8EF8E-FCEE-4D38-9EC4-CF2C20B1810F,1
000BCE86-F330-4B9B-A829-514C34739FCF,1
7DC7119E-4A21-4460-8C35-11AB4250E42B,1
7D907F28-547D-4AB9-93E7-5E6CBD177ECB,1
7D2EF629-B2FA-4A66-BBC6-1DEC3ADC99F5,1
7608D9C6-5A90-4ABF-984E-3178D3BC5AEF,1
75EFCD61-4D21-4317-98B3-21FD558B4420,1
6D6A4468-2585-463A-81C2-A2194EE31DB2,1
755D0A59-B5FE-4BDE-B496-C2BB20C14A8A,1
70B2B4FC-DF04-49B2-AC40-0F1FE8BC3D14,1
70AB4D40-3848-434B-ACFE-723AAC2A0B7F,1
7028D376-E9E2-4B99-A383-A208276CEC3F,1
7023FCAC-352B-43E8-B7A3-97A09661E008,1
7004E759-1ABF-422D-988D-1C22A9AB71BB,1
6FD7CC26-4574-4529-8EC0-501F810A774C,1
6FC876D0-E096-4329-9E1C-C1BCD1C6BAFA,1
6FB99834-4AC0-4E67-8D9D-5222941BEBBD,1
6FAA126A-7F1E-4F75-AFF7-A16A5D2F2142,1
6F35EFB2-79BC-4CE0-B545-F9C66D7BBFBB,1
6F0E2BD4-128A-4254-B323-1847A33202B7,1
6EB1BA74-9CA4-4276-AA3E-0EFE216C58F3,1
6EA7F729-314E-464E-B83F-46ADC3475AB7,1
6EA0C21C-600D-4613-96FC-0F94BA5AE79D,1
6E7B5BE0-C1B6-4182-8301-B65D8BEE64D0,1
6E394BDF-D159-4F49-BA7E-199793D69EF2,1
6DDE8BD4-F261-4655-85CD-0A529282BB99,1
6DD811B8-65A2-47F8-A38D-862EA6118F15,1
6DD64232-0BC1-4453-868C-420F11A04A12,1
71A36AC4-4B3B-4297-BABD-8EE4D33D4F80,1
71A70A05-4AAB-48FD-9C1F-255948756B61,1
71E1A5F8-3A13-4FE7-BC3C-5182DFFF9CA4,1
736BBE8F-756A-4C06-AB91-3D14B6865294,1
751D6122-2D8E-4AB7-BD4D-49BA02748DA5,1
749BBC55-AB39-4F5B-86BD-9FA64360E5DE,1
748FB2F2-7DE9-4A83-9E64-A9898875CCC2,1
7463F6BD-7653-4DE1-9288-42E21BE0DBD4,1
7459FDC2-AB9E-42AC-8316-F6F588BD20E6,1
743796D8-9E0D-44CA-83DF-58C165C9FE86,1
73B7CB86-D0B7-42AE-BBEE-8E55D18F5697,1
737EB87F-9A33-4FDA-B78D-03635EECB444,1
7368F1F6-E246-4AAE-9160-F7BCCA3B2F74,1
720C38CB-9576-415F-BADE-8A713649F0E6,1
7351F08C-432B-46DD-BC98-56F10F09ADFE,1
730F1EBB-07D7-4446-9593-0C6E8CE4E2AF,1
72E6B528-FF29-4BEE-8063-88F381B0093F,1
72D6B4EB-F67A-48D6-9C53-92B23C951BD3,1
72D3EAB6-4FF0-49E7-B79E-926B8D41EE0E,1
72BA78AE-4BF2-434D-9FE9-BFB68AF42E9C,1
7265F3F7-8FCD-4CF8-99E4-1845378E40ED,1
7220BA96-8D4F-403A-A54D-F5F11B72171C,1
FFD5B307-4663-46FF-B6B3-BE5FFB5E6989,1
